cve_id,cvss_version,source_key,removed_event_id,added_event_id,removed_at,added_at,gap_days,old_vector,new_vector,changed_components,year
CVE-2023-22644,3.1,meissner@suse.de,4D937480-3A8D-47FC-8F1E-C25CB6F2FA6E#4,D209F234-B829-4977-A149-3C44B2421CA3#7,2024-10-15T11:15:10.860000+00:00,2024-10-15T12:15:02.520000+00:00,0.042,AV:L/AC:L/PR:L/UI:N/S:C/C:L/I:N/A:N,AV:N/AC:L/PR:L/UI:N/S:U/C:H/I:H/A:H,"A,AV,C,I,S",2024
CVE-2023-37027,3.1,134c704f-9b21-4f2e-91b3-4a467353bcc0,D75767CC-654B-4120-A94F-5E891AE54964#0,72378C5B-385D-4856-9FB3-0143E072B5FD#0,2025-02-18T21:15:17.510000+00:00,2025-03-18T20:15:20.130000+00:00,27.958,AV:A/AC:L/PR:N/UI:N/S:U/C:N/I:N/A:H,AV:A/AC:L/PR:L/UI:N/S:U/C:N/I:N/A:H,PR,2025
CVE-2023-52752,3.1,134c704f-9b21-4f2e-91b3-4a467353bcc0,8C7A25C2-4940-4332-ADD8-EB0E200E6F84#0,D7B37838-8192-4A09-9BC9-B793C3A8AB6F#0,2025-01-16T21:15:14.540000+00:00,2025-05-07T20:15:23.520000+00:00,110.958,AV:L/AC:L/PR:N/UI:N/S:U/C:H/I:H/A:H,AV:L/AC:L/PR:L/UI:N/S:U/C:H/I:H/A:H,PR,2025
CVE-2023-52814,3.1,134c704f-9b21-4f2e-91b3-4a467353bcc0,B8AFC8F6-C2C9-4365-85CD-5762EC343754#0,435C122A-E05D-469D-8B78-08362C0AC994#0,2025-01-14T17:15:12.157000+00:00,2025-09-16T14:15:46.753000+00:00,244.875,AV:N/AC:L/PR:N/UI:N/S:U/C:H/I:N/A:H,AV:L/AC:L/PR:L/UI:N/S:U/C:N/I:N/A:H,"AV,C,PR",2025
CVE-2024-12569,3.1,134c704f-9b21-4f2e-91b3-4a467353bcc0,CC4137A7-2BE2-4ED9-AC27-8B4A6BCE2541#0,583C969E-219A-4D80-BE95-57A9D9CCEDE1#0,2025-01-16T21:15:14.697000+00:00,2025-01-23T22:15:12.553000+00:00,7.042,AV:N/AC:L/PR:N/UI:N/S:U/C:H/I:N/A:N,AV:L/AC:H/PR:L/UI:N/S:C/C:H/I:H/A:H,"A,AC,AV,I,PR,S",2025
CVE-2024-30505,3.1,audit@patchstack.com,46BCA426-2CCF-4C43-B83A-3A207DA136DC#1,D4E16E52-B772-4245-AEE6-64ABAF24116E#0,2026-04-01T16:16:56.823000+00:00,2026-04-23T15:18:12.283000+00:00,21.959,AV:N/AC:L/PR:L/UI:N/S:U/C:N/I:L/A:L,AV:N/AC:L/PR:N/UI:N/S:U/C:N/I:L/A:L,PR,2026
CVE-2024-31391,3.1,134c704f-9b21-4f2e-91b3-4a467353bcc0,5AFC47AF-6E28-4E7E-A1BB-C26D38C97096#0,790863B7-BEB4-4E25-B803-98882900C973#0,2025-02-21T17:15:11.887000+00:00,2025-03-13T20:15:19.633000+00:00,20.125,AV:N/AC:L/PR:L/UI:N/S:U/C:N/I:N/A:H,AV:N/AC:L/PR:L/UI:N/S:U/C:H/I:N/A:N,"A,C",2025
CVE-2024-32778,3.1,audit@patchstack.com,8CBBF79F-C0E1-4438-9D07-9C31A0A00EC6#1,8EC02653-6187-4FB7-8183-05BE39E34905#0,2026-04-01T16:17:06.313000+00:00,2026-04-23T15:18:21.240000+00:00,21.959,AV:N/AC:L/PR:L/UI:N/S:C/C:N/I:L/A:H,AV:N/AC:L/PR:L/UI:N/S:C/C:N/I:N/A:H,I,2026
CVE-2024-32824,3.1,audit@patchstack.com,F01569AA-684D-4F42-8FC3-C405A68BD552#1,5296CC75-F32B-466C-9970-9BB237870A3C#0,2026-04-01T16:17:07.420000+00:00,2026-04-23T15:18:22.297000+00:00,21.959,AV:N/AC:L/PR:L/UI:N/S:U/C:N/I:L/A:L,AV:N/AC:L/PR:N/UI:R/S:U/C:N/I:L/A:L,"PR,UI",2026
CVE-2024-33601,3.1,134c704f-9b21-4f2e-91b3-4a467353bcc0,3FA2D19C-1C90-4FFB-9842-4216C71F1D76#0,2C2A0C0B-F206-4B58-830A-1C4B1749444A#0,2025-02-21T17:15:12.100000+00:00,2025-03-18T14:15:38.867000+00:00,24.875,AV:N/AC:L/PR:N/UI:N/S:U/C:N/I:N/A:H,AV:N/AC:L/PR:N/UI:N/S:U/C:L/I:L/A:L,"A,C,I",2025
CVE-2024-34371,3.1,audit@patchstack.com,5DB9E6E5-44A5-47D3-B382-552522A68DB2#1,0C8234B2-2A7C-4C66-8E79-D04A572B8FEE#0,2026-04-01T16:17:10.720000+00:00,2026-04-23T15:18:24.480000+00:00,21.959,AV:N/AC:L/PR:L/UI:N/S:U/C:N/I:L/A:N,AV:N/AC:L/PR:N/UI:R/S:U/C:N/I:L/A:N,"PR,UI",2026
CVE-2024-37082,3.1,security@vmware.com,76CEE0B8-0417-4678-B3E5-EA9D86986A36#1,07AF24EF-3BFF-49BD-9398-E12B2E44B89E#0,2024-07-12T16:15:03.040000+00:00,2024-07-12T17:15:10.220000+00:00,0.042,AV:N/AC:H/PR:N/UI:N/S:C/C:H/I:H/A:H,AV:N/AC:L/PR:N/UI:N/S:U/C:H/I:H/A:N,"A,AC,S",2024
CVE-2024-37422,3.1,audit@patchstack.com,9BBD31B8-7D14-4F28-A436-92569EC602C0#1,3CEB0874-11BC-4963-B846-0D8AE9772C26#0,2026-04-01T16:17:25.160000+00:00,2026-04-23T15:18:36.713000+00:00,21.959,AV:N/AC:L/PR:L/UI:R/S:C/C:L/I:L/A:L,AV:N/AC:L/PR:H/UI:R/S:C/C:L/I:L/A:L,PR,2026
CVE-2024-39924,3.1,134c704f-9b21-4f2e-91b3-4a467353bcc0,BC7490E7-3F99-4FA9-90EB-117B96B755DC#0,F1D5305A-5CA1-4743-979A-33BB8A003C3C#0,2025-01-09T18:15:27.987000+00:00,2025-03-18T20:15:22.283000+00:00,68.083,AV:N/AC:L/PR:N/UI:N/S:U/C:N/I:H/A:N,AV:N/AC:L/PR:L/UI:N/S:U/C:H/I:H/A:H,"A,C,PR",2025
CVE-2024-39925,3.1,134c704f-9b21-4f2e-91b3-4a467353bcc0,6FA890E8-2EFE-4828-80D8-0DDB315E90AD#0,7F5B513A-3184-433D-BC9C-9D6682710967#0,2025-01-09T18:15:28.117000+00:00,2025-03-22T14:15:14.477000+00:00,71.833,AV:N/AC:L/PR:N/UI:N/S:U/C:N/I:H/A:N,AV:N/AC:L/PR:L/UI:N/S:U/C:H/I:N/A:N,"C,I,PR",2025
CVE-2024-39926,3.1,134c704f-9b21-4f2e-91b3-4a467353bcc0,7024A71F-8360-4C57-9EE2-4AE41EDDEDE6#0,66C0ED60-D979-40D0-85E5-C1C3CA71DF21#0,2025-01-09T18:15:28.220000+00:00,2025-03-18T19:15:43.093000+00:00,68.042,AV:N/AC:L/PR:N/UI:N/S:U/C:N/I:H/A:N,AV:N/AC:L/PR:L/UI:R/S:C/C:L/I:L/A:N,"C,I,PR,S,UI",2025
CVE-2024-40530,3.1,134c704f-9b21-4f2e-91b3-4a467353bcc0,81022B8E-0FF2-4A76-AF2E-42D35135C5A2#0,A86E148A-0692-448E-80AF-97103B25E5F4#0,2025-01-09T20:15:37.910000+00:00,2025-03-24T16:15:18.583000+00:00,73.833,AV:N/AC:L/PR:N/UI:N/S:U/C:H/I:H/A:H,AV:N/AC:L/PR:N/UI:N/S:U/C:N/I:H/A:N,"A,C",2025
CVE-2024-43214,3.1,audit@patchstack.com,FD0ABDB3-B211-4759-A168-960BC277490F#1,891DB81C-B9DB-45C2-B2BD-8E6310D7B59C#0,2026-04-01T16:17:40.670000+00:00,2026-04-23T15:18:50.347000+00:00,21.959,AV:N/AC:L/PR:N/UI:N/S:U/C:L/I:N/A:N,AV:N/AC:L/PR:N/UI:N/S:U/C:N/I:L/A:N,"C,I",2026
CVE-2024-43306,3.1,audit@patchstack.com,285AEDA4-D15B-4E5A-ADEC-E3C511841B9E#1,31B62E08-309B-40FD-B2B9-2515EFDC7EDE#0,2026-04-01T16:17:44.370000+00:00,2026-04-23T15:18:53.950000+00:00,21.959,AV:N/AC:L/PR:N/UI:R/S:C/C:L/I:L/A:L,AV:N/AC:L/PR:L/UI:R/S:C/C:L/I:L/A:L,PR,2026
CVE-2024-43977,3.1,audit@patchstack.com,3662F699-2CF6-449C-89C5-28717A64BD98#1,79207E9D-1BB2-4396-BAD2-CBF4A15F913F#0,2026-04-01T16:17:47.340000+00:00,2026-04-23T15:18:56.947000+00:00,21.959,AV:N/AC:L/PR:L/UI:R/S:C/C:L/I:L/A:L,AV:N/AC:L/PR:H/UI:R/S:C/C:L/I:L/A:L,PR,2026
CVE-2024-44083,3.1,134c704f-9b21-4f2e-91b3-4a467353bcc0,D138BA07-D0C0-4270-81FB-96B3BD0EBA97#0,2A037EBB-BFE5-4458-ADAD-53D05005E9CC#0,2025-01-09T20:15:38.220000+00:00,2025-03-18T21:15:29.613000+00:00,68.042,AV:N/AC:L/PR:N/UI:N/S:U/C:H/I:H/A:H,AV:N/AC:L/PR:N/UI:N/S:U/C:N/I:N/A:H,"C,I",2025
CVE-2024-47337,3.1,audit@patchstack.com,A8171388-3567-4E31-AF8E-F52AD2776833#1,BFE533D6-8BAB-4822-9F3F-A3C4BB1627A9#0,2026-04-01T16:18:07.100000+00:00,2026-04-23T15:19:11.530000+00:00,21.959,AV:N/AC:L/PR:N/UI:R/S:U/C:N/I:L/A:N,AV:N/AC:L/PR:L/UI:N/S:U/C:N/I:L/A:N,"PR,UI",2026
CVE-2024-47338,3.1,audit@patchstack.com,F40D2D14-7BEF-47BB-8B43-94EFFE947ABA#1,742B0F23-58D8-48FC-A6AF-59890CE1EF01#0,2026-04-01T16:18:07.233000+00:00,2026-04-23T15:19:11.650000+00:00,21.959,AV:N/AC:L/PR:H/UI:N/S:C/C:H/I:N/A:L,AV:N/AC:L/PR:L/UI:N/S:C/C:H/I:N/A:L,PR,2026
CVE-2024-47634,3.1,audit@patchstack.com,5BCD0AFB-65A9-49C3-84A8-F09910B7B7C2#1,F4C7F1C9-4B77-4A76-92A2-5987D013E37A#0,2026-04-01T16:18:18.353000+00:00,2026-04-23T15:19:23.413000+00:00,21.959,AV:N/AC:L/PR:N/UI:N/S:U/C:N/I:L/A:L,AV:N/AC:L/PR:N/UI:R/S:U/C:N/I:L/A:L,UI,2026
CVE-2024-47891,3.1,134c704f-9b21-4f2e-91b3-4a467353bcc0,3FF48262-35FB-45D7-9745-B8CF0F623F9F#0,506ED02F-12F3-47F0-A3E6-EE230CEE690C#0,2025-02-18T19:15:16.843000+00:00,2025-03-18T21:15:30.533000+00:00,28.083,AV:N/AC:L/PR:N/UI:N/S:U/C:H/I:H/A:H,AV:L/AC:L/PR:L/UI:N/S:U/C:H/I:H/A:H,"AV,PR",2025
CVE-2024-48955,3.1,134c704f-9b21-4f2e-91b3-4a467353bcc0,DA0DA771-8484-40D7-A9E7-2682A7A57369#0,C90F0D0C-5CD9-4F3D-A4AE-A67ED622DD12#0,2025-01-09T18:15:29.147000+00:00,2025-03-18T19:15:45.317000+00:00,68.042,AV:N/AC:L/PR:N/UI:R/S:U/C:H/I:H/A:N,AV:N/AC:L/PR:L/UI:N/S:U/C:H/I:H/A:N,"PR,UI",2025
CVE-2024-49227,3.1,audit@patchstack.com,3702E4CA-15C4-4B1D-BD46-9EBB4409D90B#1,0956B0BF-C312-4A38-8C7D-F1CAE03AD357#0,2026-04-01T16:18:27.260000+00:00,2026-04-29T10:16:34.700000+00:00,27.749,AV:N/AC:L/PR:L/UI:N/S:U/C:H/I:H/A:H,AV:N/AC:L/PR:N/UI:N/S:U/C:H/I:H/A:H,PR,2026
CVE-2024-49273,3.1,audit@patchstack.com,A2AD645C-3692-4CBF-A829-F46DF9763C7F#1,B2728D92-E890-489A-BD7D-0915D80543AD#0,2026-04-01T16:18:34.753000+00:00,2026-04-23T15:19:33.313000+00:00,21.959,AV:N/AC:L/PR:L/UI:N/S:U/C:N/I:L/A:N,AV:N/AC:L/PR:N/UI:R/S:U/C:N/I:L/A:N,"PR,UI",2026
CVE-2024-49278,3.1,audit@patchstack.com,E6353737-A078-4543-9BC5-EE5E13AF0E8A#1,F8B63105-8724-4BA8-A83B-0B9602315B70#0,2026-04-01T16:18:35.453000+00:00,2026-04-23T15:19:33.930000+00:00,21.959,AV:N/AC:L/PR:L/UI:R/S:C/C:L/I:L/A:L,AV:N/AC:L/PR:N/UI:R/S:C/C:L/I:L/A:L,PR,2026
CVE-2024-49306,3.1,audit@patchstack.com,2650E419-F0E9-4AFE-85C3-41C779D5D471#1,D8D65698-6EA0-4439-9EF8-6D1D467068B9#0,2026-04-01T16:18:38.807000+00:00,2026-04-23T15:19:37.220000+00:00,21.959,AV:N/AC:L/PR:N/UI:R/S:U/C:N/I:N/A:L,AV:N/AC:L/PR:N/UI:N/S:U/C:N/I:N/A:L,UI,2026
CVE-2024-49736,3.1,134c704f-9b21-4f2e-91b3-4a467353bcc0,5E59A5CC-BD12-46D4-A9E7-1CBDE463A662#0,84BFF45A-99EB-4E3F-8052-71FC2209E3A1#0,2025-02-18T20:15:20.373000+00:00,2025-03-24T16:15:19.087000+00:00,33.833,AV:L/AC:L/PR:L/UI:N/S:U/C:H/I:H/A:H,AV:L/AC:L/PR:L/UI:N/S:U/C:N/I:N/A:H,"C,I",2025
CVE-2024-50434,3.1,audit@patchstack.com,698B0FA7-698B-4BD9-80A7-D6683C118903#1,3E1E0F51-285C-490C-AA22-C881C340CC27#0,2026-04-01T16:19:04.013000+00:00,2026-04-23T15:19:56.700000+00:00,21.959,AV:N/AC:H/PR:L/UI:N/S:U/C:H/I:H/A:H,AV:N/AC:H/PR:N/UI:R/S:U/C:H/I:H/A:H,"PR,UI",2026
CVE-2024-50435,3.1,audit@patchstack.com,F7F2A3FB-00FC-4FA7-B87E-C16ABD6C939C#1,D70DD069-A16B-4293-A325-C7C8F2A9E21A#0,2026-04-01T16:19:04.160000+00:00,2026-04-23T15:19:56.827000+00:00,21.959,AV:N/AC:H/PR:L/UI:N/S:U/C:H/I:H/A:H,AV:N/AC:H/PR:N/UI:R/S:U/C:H/I:H/A:H,"PR,UI",2026
CVE-2024-50436,3.1,audit@patchstack.com,51E211A3-AF57-4216-BB2E-855CC292A030#1,440A6112-09A5-4264-ACD4-B5A4F09D9DA5#0,2026-04-01T16:19:04.327000+00:00,2026-04-23T15:19:56.953000+00:00,21.959,AV:N/AC:H/PR:L/UI:N/S:U/C:H/I:H/A:H,AV:N/AC:H/PR:N/UI:R/S:U/C:H/I:H/A:H,"PR,UI",2026
CVE-2024-50441,3.1,audit@patchstack.com,ADD6EF59-13EB-4682-BE76-903641C30A75#1,F77215F9-3FCC-4628-B5BA-5CF7A17003C7#0,2026-04-01T16:19:05.070000+00:00,2026-04-23T15:19:57.590000+00:00,21.959,AV:N/AC:L/PR:L/UI:N/S:C/C:L/I:L/A:L,AV:N/AC:L/PR:L/UI:R/S:C/C:L/I:L/A:L,UI,2026
CVE-2024-51162,3.1,134c704f-9b21-4f2e-91b3-4a467353bcc0,B11D7C4E-4B9D-45F6-BBCF-3BD9C9890DEF#0,ABA27A40-D9F5-4054-941A-A88E5ADC84F5#0,2025-01-09T22:15:28.777000+00:00,2025-03-17T15:15:42.383000+00:00,66.708,AV:N/AC:L/PR:N/UI:N/S:U/C:H/I:H/A:H,AV:N/AC:L/PR:L/UI:N/S:U/C:H/I:H/A:H,PR,2025
CVE-2024-51676,3.1,audit@patchstack.com,E7974DD4-B2DB-4C39-AB8C-108F880994A9#1,8C06648A-5909-4FA6-9804-F23434C4D3B6#0,2026-04-01T16:19:35.563000+00:00,2026-04-23T15:20:32.287000+00:00,21.959,AV:N/AC:L/PR:N/UI:R/S:C/C:L/I:L/A:L,AV:N/AC:L/PR:L/UI:R/S:C/C:L/I:L/A:L,PR,2026
CVE-2024-53537,3.1,134c704f-9b21-4f2e-91b3-4a467353bcc0,5F4B582F-6B03-4968-88EB-EA06AD378715#0,8084A82A-EB75-4ECE-96F4-E1C344865FE8#0,2025-02-18T19:15:18.083000+00:00,2025-03-20T15:15:43.490000+00:00,29.834,AV:N/AC:L/PR:N/UI:N/S:U/C:H/I:N/A:N,AV:N/AC:L/PR:N/UI:N/S:U/C:H/I:H/A:N,I,2025
CVE-2024-53920,3.1,134c704f-9b21-4f2e-91b3-4a467353bcc0,72B87BC0-8106-450E-A581-EBED066312A4#0,86BB2830-BDE0-4780-81ED-526CA2905CFB#0,2025-03-04T22:15:38.610000+00:00,2025-03-13T20:15:23.877000+00:00,8.916,AV:N/AC:L/PR:N/UI:N/S:U/C:H/I:H/A:H,AV:L/AC:L/PR:N/UI:R/S:U/C:H/I:H/A:H,"AV,UI",2025
CVE-2024-54507,3.1,134c704f-9b21-4f2e-91b3-4a467353bcc0,2ECF04BF-899E-45D7-AD64-070165C1B3C6#0,B9ADDE47-10B4-4FDA-8D89-866395281936#0,2025-02-18T20:15:21.580000+00:00,2025-03-14T17:15:48.453000+00:00,23.875,AV:L/AC:L/PR:L/UI:N/S:U/C:H/I:N/A:N,AV:N/AC:L/PR:N/UI:N/S:U/C:H/I:N/A:H,"A,AV,PR",2025
CVE-2024-54520,3.1,134c704f-9b21-4f2e-91b3-4a467353bcc0,A86EB01D-CE4D-4729-AC6C-305EE765F15C#0,F3305755-6FBA-414F-89AE-D8EC09C3B7FE#0,2025-02-18T20:15:21.663000+00:00,2025-03-24T18:15:20.637000+00:00,33.917,AV:L/AC:L/PR:L/UI:N/S:U/C:N/I:H/A:N,AV:L/AC:L/PR:N/UI:R/S:U/C:N/I:H/A:N,"PR,UI",2025
CVE-2024-54523,3.1,134c704f-9b21-4f2e-91b3-4a467353bcc0,7979DCFA-6546-4B60-8ED0-1EB6C008D3E4#0,312C0409-64D3-48F5-B454-E78AC5390404#0,2025-02-18T19:15:18.747000+00:00,2025-03-19T15:15:52.097000+00:00,28.834,AV:N/AC:L/PR:N/UI:N/S:C/C:N/I:L/A:N,AV:N/AC:L/PR:N/UI:N/S:U/C:H/I:N/A:H,"A,C,I,S",2025
CVE-2024-54542,3.1,134c704f-9b21-4f2e-91b3-4a467353bcc0,D7CA3A7B-6743-4AF9-A84B-807F4EBC489A#0,A7828250-CB2C-42DE-8AB4-37EF0B713851#0,2025-02-18T20:15:22.007000+00:00,2025-03-17T17:15:34.087000+00:00,26.875,AV:N/AC:L/PR:N/UI:N/S:U/C:H/I:N/A:N,AV:N/AC:L/PR:N/UI:N/S:U/C:H/I:N/A:H,A,2025
CVE-2024-56527,3.1,134c704f-9b21-4f2e-91b3-4a467353bcc0,0B3364EE-1C87-4F31-AEC9-B5E0B96F0AED#0,25FBCEE9-7B87-4EB5-8B50-8D7516974A1D#0,2025-02-18T22:15:13.270000+00:00,2025-03-13T14:15:33.533000+00:00,22.667,AV:N/AC:L/PR:N/UI:N/S:U/C:H/I:N/A:N,AV:N/AC:L/PR:N/UI:N/S:U/C:N/I:N/A:H,"A,C",2025
CVE-2024-56529,3.1,134c704f-9b21-4f2e-91b3-4a467353bcc0,FBB14A98-9E1D-45C2-889E-FC5DFC817DE3#0,EEA62C9B-E255-4019-B7B5-2000D5CDD8CC#0,2025-02-18T19:15:19.587000+00:00,2025-03-14T17:15:48.860000+00:00,23.917,AV:N/AC:L/PR:N/UI:N/S:U/C:N/I:N/A:H,AV:N/AC:L/PR:N/UI:R/S:U/C:L/I:H/A:N,"A,C,I,UI",2025
CVE-2024-56898,3.1,134c704f-9b21-4f2e-91b3-4a467353bcc0,E698CCD4-1479-4FDC-85C2-AC0C686AE2FF#0,AB824997-FC60-44CA-9015-1BB0C8B56B6D#0,2025-03-04T22:15:38.990000+00:00,2025-03-22T14:15:15.590000+00:00,17.666,AV:N/AC:L/PR:L/UI:N/S:U/C:H/I:H/A:N,AV:N/AC:L/PR:L/UI:N/S:U/C:H/I:H/A:H,A,2025
CVE-2024-56902,3.1,134c704f-9b21-4f2e-91b3-4a467353bcc0,F09E22BB-C84E-4652-BECB-54D9CE169E07#0,160DA5E3-3D75-4FB6-BB01-EB6010B06B31#0,2025-02-18T19:15:20+00:00,2025-03-04T22:15:39.340000+00:00,14.125,AV:N/AC:L/PR:L/UI:N/S:U/C:H/I:N/A:N,AV:N/AC:L/PR:N/UI:N/S:U/C:H/I:N/A:N,PR,2025
CVE-2024-56903,3.1,134c704f-9b21-4f2e-91b3-4a467353bcc0,A004A722-AF3C-40AB-89B4-44C17C57911D#0,62F2499F-0054-4399-B488-AF43656061DB#0,2025-02-18T19:15:20.117000+00:00,2025-03-04T22:15:39.547000+00:00,14.125,AV:N/AC:L/PR:N/UI:R/S:U/C:H/I:H/A:H,AV:N/AC:L/PR:N/UI:R/S:U/C:N/I:H/A:H,C,2025
CVE-2024-57011,3.1,134c704f-9b21-4f2e-91b3-4a467353bcc0,D7E5C90B-DEE5-4B37-9EB0-6A0C75E071ED#0,FACAD341-6F72-45D7-BB0B-7000D1C876A5#0,2025-02-18T22:15:13.390000+00:00,2025-03-17T17:15:34.950000+00:00,26.792,AV:N/AC:L/PR:N/UI:N/S:U/C:H/I:H/A:H,AV:N/AC:L/PR:L/UI:N/S:U/C:H/I:H/A:H,PR,2025
CVE-2024-57012,3.1,134c704f-9b21-4f2e-91b3-4a467353bcc0,CAB3D775-D210-4AFB-B5FD-1DBF1F6199BD#0,7697FF16-D8D9-460B-BD06-4B9155D6AA39#0,2025-02-18T22:15:13.507000+00:00,2025-03-14T16:15:37.603000+00:00,23.75,AV:N/AC:L/PR:N/UI:N/S:U/C:H/I:H/A:H,AV:N/AC:L/PR:L/UI:N/S:U/C:H/I:H/A:H,PR,2025
CVE-2024-57013,3.1,134c704f-9b21-4f2e-91b3-4a467353bcc0,85DD76AF-35FB-4DE6-BDB9-652856AB9DDC#0,FF9712F7-06C8-425B-98FD-4C6F878046FC#0,2025-02-18T22:15:13.610000+00:00,2025-03-13T15:15:49.867000+00:00,22.709,AV:N/AC:L/PR:N/UI:N/S:U/C:H/I:H/A:H,AV:N/AC:L/PR:L/UI:N/S:U/C:H/I:H/A:H,PR,2025
CVE-2024-57014,3.1,134c704f-9b21-4f2e-91b3-4a467353bcc0,9E8FF245-971B-411E-A5C8-134C2CF02577#0,43F9C283-50BD-42F8-A36F-A60A61954A05#0,2025-02-18T22:15:13.713000+00:00,2025-03-18T15:15:58.283000+00:00,27.709,AV:N/AC:L/PR:N/UI:N/S:U/C:H/I:H/A:H,AV:L/AC:L/PR:L/UI:N/S:U/C:H/I:H/A:H,"AV,PR",2025
CVE-2024-57015,3.1,134c704f-9b21-4f2e-91b3-4a467353bcc0,C676F64F-6BEB-4294-93F8-B819120EF634#0,EEC8AFB1-CFDB-4AAE-A126-FDB5BBE3DEF3#0,2025-02-18T22:15:13.827000+00:00,2025-03-18T14:15:41.020000+00:00,27.667,AV:N/AC:L/PR:N/UI:N/S:U/C:H/I:H/A:H,AV:N/AC:L/PR:L/UI:N/S:U/C:H/I:H/A:H,PR,2025
CVE-2024-57016,3.1,134c704f-9b21-4f2e-91b3-4a467353bcc0,FC593AA9-98F6-42CB-AE72-2ADD2A7D6850#0,2D7BA5B4-73FD-4313-90BA-E2D78BF2273F#0,2025-02-18T22:15:13.920000+00:00,2025-03-24T16:15:20.467000+00:00,33.75,AV:N/AC:L/PR:N/UI:N/S:U/C:H/I:H/A:H,AV:N/AC:L/PR:L/UI:N/S:U/C:H/I:H/A:H,PR,2025
CVE-2024-57017,3.1,134c704f-9b21-4f2e-91b3-4a467353bcc0,C03A6BE9-6B15-489A-A615-025B8BAC1D61#0,AD978968-46AC-423D-9DE5-938424E664EE#0,2025-02-18T22:15:14.033000+00:00,2025-03-13T15:15:50.090000+00:00,22.709,AV:N/AC:L/PR:N/UI:N/S:U/C:H/I:H/A:H,AV:N/AC:L/PR:L/UI:N/S:U/C:H/I:H/A:H,PR,2025
CVE-2024-57018,3.1,134c704f-9b21-4f2e-91b3-4a467353bcc0,501FD953-AB4D-42CA-9947-B600BB386AE6#0,F7ABF000-06B7-4BC6-89D2-593D45AB542E#0,2025-02-18T22:15:14.133000+00:00,2025-03-13T15:15:50.280000+00:00,22.709,AV:N/AC:L/PR:N/UI:N/S:U/C:H/I:H/A:H,AV:N/AC:L/PR:L/UI:N/S:U/C:H/I:H/A:H,PR,2025
CVE-2024-57019,3.1,134c704f-9b21-4f2e-91b3-4a467353bcc0,978C528E-27E5-4544-A537-07B716CBCCA5#0,91057011-B499-4F7C-84F0-199D432BEE30#0,2025-02-18T22:15:14.240000+00:00,2025-03-18T20:15:24.637000+00:00,27.917,AV:N/AC:L/PR:N/UI:N/S:U/C:H/I:H/A:H,AV:N/AC:L/PR:L/UI:N/S:U/C:H/I:H/A:H,PR,2025
CVE-2024-57020,3.1,134c704f-9b21-4f2e-91b3-4a467353bcc0,B0667B29-ECCF-4D63-8E95-47041D57C59A#0,9C362280-C9FB-4843-80BA-5129CF767EBB#0,2025-02-18T22:15:14.347000+00:00,2025-03-18T19:15:46.330000+00:00,27.875,AV:N/AC:L/PR:N/UI:N/S:U/C:H/I:H/A:H,AV:N/AC:L/PR:L/UI:N/S:U/C:H/I:H/A:H,PR,2025
CVE-2024-57021,3.1,134c704f-9b21-4f2e-91b3-4a467353bcc0,A33BCB2C-0853-4E47-9EDC-C26FF9D65946#0,F4C63A20-E0A8-478F-921A-158AA9635701#0,2025-02-18T22:15:14.447000+00:00,2025-03-20T15:15:43.837000+00:00,29.709,AV:N/AC:L/PR:N/UI:N/S:U/C:H/I:H/A:H,AV:N/AC:L/PR:L/UI:N/S:U/C:H/I:H/A:H,PR,2025
CVE-2024-57022,3.1,134c704f-9b21-4f2e-91b3-4a467353bcc0,3482FD5D-994A-4D44-AA9F-716248F5EAF2#0,D740E31A-0185-4C8A-858E-4CFFA6485B30#0,2025-02-18T22:15:14.553000+00:00,2025-03-19T14:15:38.007000+00:00,28.667,AV:N/AC:L/PR:N/UI:N/S:U/C:H/I:H/A:H,AV:N/AC:L/PR:L/UI:N/S:U/C:H/I:H/A:H,PR,2025
CVE-2024-57082,3.1,134c704f-9b21-4f2e-91b3-4a467353bcc0,01197550-E00D-4AD4-82C3-826323A293BD#0,8BE5E23A-A0C2-4754-B7A9-E39289AD44DD#0,2025-02-18T19:15:21.257000+00:00,2025-02-18T20:15:22.483000+00:00,0.042,AV:N/AC:L/PR:N/UI:N/S:U/C:N/I:N/A:H,AV:A/AC:L/PR:N/UI:N/S:U/C:N/I:N/A:H,AV,2025
CVE-2024-57360,3.1,134c704f-9b21-4f2e-91b3-4a467353bcc0,04201235-C8D4-4643-8FE5-AF7D5E836BBB#0,856B55AB-5E12-4535-B00B-146C038C983E#0,2025-02-18T21:15:23.853000+00:00,2025-03-18T16:15:25.340000+00:00,27.792,AV:L/AC:L/PR:N/UI:N/S:U/C:H/I:N/A:H,AV:L/AC:L/PR:N/UI:R/S:U/C:N/I:N/A:H,"C,UI",2025
CVE-2024-57432,3.1,134c704f-9b21-4f2e-91b3-4a467353bcc0,87CE64EF-C339-4326-9A3A-94AF25C65286#0,9E8C792A-B593-4627-849C-E03B292C7422#0,2025-02-18T19:15:21.710000+00:00,2025-03-13T14:15:34.393000+00:00,22.792,AV:N/AC:L/PR:N/UI:N/S:U/C:H/I:H/A:N,AV:N/AC:L/PR:N/UI:N/S:U/C:H/I:N/A:N,I,2025
CVE-2024-57653,3.1,134c704f-9b21-4f2e-91b3-4a467353bcc0,A13E09E9-3515-4597-B831-01F209902560#0,F2132BE0-7F32-461C-9885-B58356936AEA#0,2025-02-18T22:15:15.247000+00:00,2025-03-24T16:15:20.860000+00:00,33.75,AV:N/AC:L/PR:N/UI:R/S:U/C:N/I:N/A:H,AV:N/AC:L/PR:N/UI:N/S:U/C:N/I:N/A:H,UI,2025
CVE-2024-57668,3.1,134c704f-9b21-4f2e-91b3-4a467353bcc0,ED42DE90-FD66-41C3-88DD-B2CF40AA0A1F#0,29052E50-6189-4899-969B-0E95011E5509#0,2025-02-18T19:15:22.387000+00:00,2025-03-13T20:15:24.613000+00:00,23.042,AV:N/AC:L/PR:N/UI:N/S:U/C:H/I:H/A:H,AV:N/AC:L/PR:L/UI:N/S:U/C:H/I:H/A:H,PR,2025
CVE-2024-6606,3.1,134c704f-9b21-4f2e-91b3-4a467353bcc0,1A40A73A-707E-4BF2-9A1F-0B90A784AFCA#0,28FBC47E-D904-4F71-B146-A405F5108A31#0,2025-01-09T22:15:29.577000+00:00,2025-03-25T14:15:26.730000+00:00,74.667,AV:N/AC:L/PR:N/UI:N/S:U/C:H/I:H/A:H,AV:N/AC:L/PR:N/UI:R/S:C/C:H/I:N/A:L,"A,I,S,UI",2025
CVE-2025-0247,3.1,134c704f-9b21-4f2e-91b3-4a467353bcc0,6F5B337D-7DA0-4E43-BF79-11C20329E293#0,D3862BE8-07D9-416E-BD55-B7E2981C437B#0,2025-01-09T22:15:29.773000+00:00,2025-01-14T17:15:20.547000+00:00,4.792,AV:N/AC:L/PR:N/UI:R/S:U/C:H/I:H/A:H,AV:N/AC:L/PR:N/UI:N/S:U/C:H/I:H/A:H,UI,2025
CVE-2025-0522,3.1,134c704f-9b21-4f2e-91b3-4a467353bcc0,C5781922-6779-481D-B4F3-1B7DE350789D#0,F26BF0F8-4FF4-4898-ABB3-C93F956E053B#0,2025-02-18T19:15:23.177000+00:00,2025-03-14T17:15:50.237000+00:00,23.917,AV:N/AC:L/PR:N/UI:R/S:C/C:L/I:L/A:N,AV:N/AC:L/PR:N/UI:R/S:C/C:L/I:N/A:N,I,2025
CVE-2025-1932,3.1,134c704f-9b21-4f2e-91b3-4a467353bcc0,85CFCFE9-33C4-4448-B8E5-1072D30E7C39#0,9FD98844-CB8E-4557-BFD2-58212726F437#0,2025-03-12T17:15:48.497000+00:00,2025-03-25T14:15:27.787000+00:00,12.875,AV:N/AC:L/PR:N/UI:N/S:U/C:H/I:H/A:H,AV:N/AC:L/PR:N/UI:R/S:U/C:H/I:N/A:H,"I,UI",2025
CVE-2025-1933,3.1,134c704f-9b21-4f2e-91b3-4a467353bcc0,DCF26F31-2151-46E4-A5DD-C58E772A70D7#0,D41BC973-4D4D-4681-B2E1-85022694ECA6#0,2025-03-12T17:15:48.730000+00:00,2025-03-25T14:15:27.927000+00:00,12.875,AV:N/AC:L/PR:N/UI:R/S:U/C:H/I:N/A:H,AV:N/AC:L/PR:N/UI:R/S:U/C:L/I:L/A:H,"C,I",2025
CVE-2025-1934,3.1,134c704f-9b21-4f2e-91b3-4a467353bcc0,36FD6722-C1DC-4A70-9418-EFCCCF8C0E5B#0,1EF67CFF-2F64-4B29-812C-8F807843BE44#0,2025-03-12T17:15:48.940000+00:00,2025-03-25T15:15:24.463000+00:00,12.916,AV:N/AC:L/PR:N/UI:N/S:U/C:L/I:L/A:N,AV:N/AC:L/PR:N/UI:R/S:U/C:N/I:N/A:H,"A,C,I,UI",2025
CVE-2025-1935,3.1,134c704f-9b21-4f2e-91b3-4a467353bcc0,A3C72770-0D0A-454A-BFD3-FE9FA622E98E#0,246508F1-F3B9-47C0-8B74-F71872E7E127#0,2025-03-12T17:15:49.147000+00:00,2025-03-25T14:15:28.063000+00:00,12.875,AV:N/AC:L/PR:N/UI:R/S:U/C:N/I:L/A:N,AV:N/AC:L/PR:N/UI:R/S:U/C:L/I:N/A:N,"C,I",2025
CVE-2025-1942,3.1,134c704f-9b21-4f2e-91b3-4a467353bcc0,BA196CF1-FAC2-4247-9F7B-A9FAEA725010#0,07495155-D17A-48E0-B648-542B7E43176E#0,2025-03-12T17:15:49.370000+00:00,2025-03-25T15:15:24.603000+00:00,12.916,AV:N/AC:L/PR:N/UI:N/S:U/C:L/I:L/A:N,AV:N/AC:L/PR:N/UI:N/S:U/C:H/I:H/A:H,"A,C,I",2025
CVE-2025-20635,3.1,134c704f-9b21-4f2e-91b3-4a467353bcc0,7E4A4CD5-2770-494F-A2B4-9D4E6275747C#0,A71E2D26-5214-45FE-9AB5-CA103FAE7F3D#0,2025-02-18T19:15:24.830000+00:00,2025-03-13T20:15:25.597000+00:00,23.042,AV:P/AC:L/PR:N/UI:N/S:U/C:H/I:H/A:H,AV:P/AC:L/PR:N/UI:R/S:U/C:H/I:H/A:H,UI,2025
CVE-2025-20636,3.1,134c704f-9b21-4f2e-91b3-4a467353bcc0,EB0C8519-740D-448A-BC4B-D14FC3903C55#0,A336E6BF-F8B1-4B35-8D0C-BE021E144042#0,2025-02-18T19:15:24.960000+00:00,2025-03-19T18:15:24.400000+00:00,28.958,AV:L/AC:L/PR:L/UI:N/S:U/C:H/I:H/A:H,AV:L/AC:L/PR:H/UI:N/S:U/C:H/I:H/A:H,PR,2025
CVE-2025-22704,3.1,audit@patchstack.com,A94C0457-3AC4-4221-9909-FA68B45BD75F#1,5E2CF010-6A12-4657-A38A-92050F0D94A5#0,2026-04-01T16:22:34.390000+00:00,2026-04-23T15:23:26.203000+00:00,21.959,AV:N/AC:L/PR:N/UI:R/S:U/C:N/I:L/A:L,AV:N/AC:L/PR:N/UI:R/S:C/C:L/I:L/A:L,"C,S",2026
CVE-2025-24085,3.1,134c704f-9b21-4f2e-91b3-4a467353bcc0,CAFA7EAA-DA71-476B-8AEB-B1B60AD16E75#0,8EC044EB-082B-4679-A50D-0347D57984E2#0,2025-02-18T20:15:28.897000+00:00,2025-03-13T16:15:27.250000+00:00,22.833,AV:L/AC:L/PR:L/UI:R/S:U/C:H/I:H/A:H,AV:L/AC:L/PR:N/UI:R/S:U/C:H/I:H/A:H,PR,2025
CVE-2025-24103,3.1,134c704f-9b21-4f2e-91b3-4a467353bcc0,C1A33046-E848-4860-8738-98C77E21C3AF#0,FCC41421-F57D-4112-8BB0-2A601499AC39#0,2025-02-18T20:15:29.353000+00:00,2025-03-18T15:15:59.120000+00:00,27.792,AV:L/AC:L/PR:N/UI:R/S:U/C:H/I:N/A:N,AV:N/AC:L/PR:N/UI:N/S:U/C:H/I:H/A:H,"A,AV,I,UI",2025
CVE-2025-24106,3.1,134c704f-9b21-4f2e-91b3-4a467353bcc0,62DF2466-6C7E-44C7-9756-0010E9C9BC39#0,73A6DACE-D004-413F-889A-0CDAEB74BBD6#0,2025-02-18T20:15:29.460000+00:00,2025-03-19T21:15:38.327000+00:00,29.042,AV:N/AC:L/PR:N/UI:N/S:U/C:H/I:H/A:H,AV:N/AC:L/PR:N/UI:R/S:U/C:N/I:N/A:H,"C,I,UI",2025
CVE-2025-24108,3.1,134c704f-9b21-4f2e-91b3-4a467353bcc0,212E773B-0338-4920-BB26-441E3737CE8D#0,4B40A4E6-FC98-4B45-8F2B-06A2A99E24EC#0,2025-02-18T20:15:29.550000+00:00,2025-03-18T14:15:42.627000+00:00,27.75,AV:L/AC:L/PR:L/UI:N/S:U/C:H/I:N/A:N,AV:L/AC:L/PR:N/UI:R/S:U/C:H/I:N/A:N,"PR,UI",2025
CVE-2025-24123,3.1,134c704f-9b21-4f2e-91b3-4a467353bcc0,E5925F82-A17A-4F44-99E4-01F67AEF8774#0,2185C63B-B4A7-4F7A-8126-7684472F4481#0,2025-02-18T20:15:30.023000+00:00,2025-03-18T15:15:59.307000+00:00,27.792,AV:N/AC:L/PR:N/UI:N/S:U/C:H/I:H/A:H,AV:N/AC:L/PR:N/UI:R/S:U/C:N/I:N/A:H,"C,I,UI",2025
CVE-2025-24124,3.1,134c704f-9b21-4f2e-91b3-4a467353bcc0,B49198D0-25A8-4F03-87B1-352BF18B3E69#0,2262DF52-B70D-43B0-BDBD-4B3689C30950#0,2025-02-18T20:15:30.150000+00:00,2025-03-19T18:15:24.787000+00:00,28.917,AV:N/AC:L/PR:N/UI:N/S:U/C:H/I:H/A:H,AV:L/AC:L/PR:N/UI:R/S:U/C:N/I:N/A:H,"AV,C,I,UI",2025
CVE-2025-24134,3.1,134c704f-9b21-4f2e-91b3-4a467353bcc0,6FD0459C-DF19-424E-BA25-39309783E695#0,9E90F443-A0CA-4358-8CB9-267861D70F11#0,2025-02-18T20:15:30.250000+00:00,2025-03-13T19:15:51.817000+00:00,22.959,AV:L/AC:L/PR:L/UI:N/S:U/C:H/I:N/A:N,AV:L/AC:L/PR:N/UI:R/S:U/C:H/I:N/A:N,"PR,UI",2025
CVE-2025-24135,3.1,134c704f-9b21-4f2e-91b3-4a467353bcc0,DA652761-4787-415D-9BF1-608A120BF88D#0,FDC18172-2B7A-4C74-9B39-4FD59AD64D22#0,2025-02-18T20:15:30.337000+00:00,2025-03-25T14:15:28.597000+00:00,34.75,AV:N/AC:L/PR:N/UI:N/S:U/C:H/I:H/A:H,AV:L/AC:L/PR:L/UI:N/S:U/C:H/I:H/A:H,"AV,PR",2025
CVE-2025-24138,3.1,134c704f-9b21-4f2e-91b3-4a467353bcc0,87FCAC41-071B-4378-B76E-55A76419FEB6#0,FC6DCC70-6278-4E51-83B7-03BF2F3D0862#0,2025-02-18T20:15:30.430000+00:00,2025-03-24T17:15:20.690000+00:00,33.875,AV:L/AC:L/PR:L/UI:N/S:U/C:H/I:N/A:N,AV:L/AC:L/PR:N/UI:R/S:U/C:H/I:N/A:N,"PR,UI",2025
CVE-2025-24139,3.1,134c704f-9b21-4f2e-91b3-4a467353bcc0,65760FF3-E904-4D7D-9536-C463462F08CD#0,14F7E488-7772-4AAB-9224-13BBABD4D395#0,2025-02-18T20:15:30.523000+00:00,2025-03-24T18:15:23.027000+00:00,33.917,AV:N/AC:L/PR:N/UI:N/S:U/C:H/I:H/A:H,AV:L/AC:L/PR:N/UI:R/S:U/C:H/I:H/A:H,"AV,UI",2025
CVE-2025-24151,3.1,134c704f-9b21-4f2e-91b3-4a467353bcc0,B39151AF-A3C4-4DFA-A89B-A37806B57A87#0,74107AB6-7843-422F-89B3-318140F1DF00#0,2025-02-18T20:15:30.810000+00:00,2025-03-13T20:15:25.943000+00:00,23.0,AV:N/AC:L/PR:N/UI:N/S:U/C:H/I:H/A:H,AV:L/AC:L/PR:N/UI:R/S:U/C:N/I:N/A:H,"AV,C,I,UI",2025
CVE-2025-24154,3.1,134c704f-9b21-4f2e-91b3-4a467353bcc0,CBB1B772-7AE2-48DA-BF3A-C6A4ABCE96E4#0,A3CB8A5A-8CF4-4AFD-AD93-E1A43EA51AC4#0,2025-02-18T20:15:30.907000+00:00,2025-03-18T20:15:25.680000+00:00,28.0,AV:N/AC:L/PR:N/UI:N/S:U/C:H/I:H/A:H,AV:N/AC:L/PR:N/UI:N/S:U/C:N/I:H/A:H,C,2025
CVE-2025-24159,3.1,134c704f-9b21-4f2e-91b3-4a467353bcc0,448926D1-4F34-4301-A3DD-B3E6E1313FAF#0,D6F1201D-C9CA-4862-A194-C7497DCA55C4#0,2025-02-18T20:15:31.100000+00:00,2025-03-19T14:15:38.853000+00:00,28.75,AV:L/AC:L/PR:N/UI:R/S:U/C:H/I:H/A:H,AV:L/AC:L/PR:L/UI:N/S:U/C:H/I:H/A:H,"PR,UI",2025
CVE-2025-24162,3.1,134c704f-9b21-4f2e-91b3-4a467353bcc0,30FF331D-61F5-4A16-BC2B-E1C48423236B#0,E3A05031-EDEB-439E-B940-46AEF737DF84#0,2025-02-18T20:15:31.210000+00:00,2025-03-18T15:15:59.527000+00:00,27.792,AV:N/AC:L/PR:N/UI:N/S:U/C:H/I:H/A:H,AV:N/AC:L/PR:N/UI:R/S:U/C:N/I:N/A:H,"C,I,UI",2025
CVE-2025-24163,3.1,134c704f-9b21-4f2e-91b3-4a467353bcc0,AA6A86C0-0239-441C-B533-8ECD548DBBBD#0,A5002B7D-BF7F-4D6A-A5E4-587FF62A6519#0,2025-02-18T20:15:31.300000+00:00,2025-03-18T20:15:25.850000+00:00,28.0,AV:N/AC:L/PR:N/UI:N/S:U/C:H/I:H/A:H,AV:L/AC:L/PR:N/UI:R/S:U/C:N/I:N/A:H,"AV,C,I,UI",2025
CVE-2025-24174,3.1,134c704f-9b21-4f2e-91b3-4a467353bcc0,AFBAB564-96BC-4784-9D9B-E23064614006#0,E777558C-2D20-450B-B2E7-55C970C95598#0,2025-02-18T20:15:31.400000+00:00,2025-03-18T14:15:43.020000+00:00,27.75,AV:N/AC:L/PR:N/UI:N/S:U/C:H/I:H/A:H,AV:L/AC:L/PR:N/UI:N/S:U/C:H/I:H/A:N,"A,AV",2025
CVE-2025-24200,3.1,134c704f-9b21-4f2e-91b3-4a467353bcc0,DF0F5706-4243-4C09-A90D-A6C5F50A54D8#0,015882EA-9D21-43C9-B163-9FD8FB63ACD2#0,2025-02-18T18:15:33.667000+00:00,2025-03-20T15:15:45.357000+00:00,29.875,AV:P/AC:L/PR:N/UI:N/S:U/C:H/I:N/A:N,AV:P/AC:L/PR:N/UI:N/S:U/C:H/I:H/A:N,I,2025
CVE-2025-24748,3.1,audit@patchstack.com,7E6C0A58-69AA-4EF9-8B92-F5C85F007F13#1,5684A4F9-4560-4B4C-B975-F083B6A605F4#0,2026-04-01T17:18:13.030000+00:00,2026-04-23T15:25:26+00:00,21.922,AV:N/AC:L/PR:L/UI:N/S:C/C:H/I:N/A:L,AV:N/AC:L/PR:N/UI:N/S:U/C:L/I:N/A:N,"A,C,PR,S",2026
CVE-2025-24757,3.1,audit@patchstack.com,1CDC6CC6-F149-4DEF-BA9F-6A8520D0D037#1,7CC6809F-04AA-4C2A-901E-4096AD17253A#0,2026-04-01T17:18:14.147000+00:00,2026-04-23T15:25:27.080000+00:00,21.922,AV:N/AC:L/PR:L/UI:R/S:C/C:L/I:L/A:L,AV:N/AC:L/PR:N/UI:N/S:U/C:L/I:N/A:N,"A,I,PR,S,UI",2026
CVE-2025-24813,3.1,134c704f-9b21-4f2e-91b3-4a467353bcc0,AFE63C9C-DF33-49C1-87E9-D3193E389971#0,F2EB92E7-8CDF-4391-8CD4-A1C54D8BA4D0#0,2025-03-17T16:15:25.343000+00:00,2025-03-18T14:15:43.253000+00:00,0.917,AV:N/AC:L/PR:L/UI:R/S:U/C:L/I:L/A:L,AV:N/AC:L/PR:N/UI:N/S:U/C:H/I:H/A:H,"A,C,I,PR,UI",2025
CVE-2025-25064,3.1,134c704f-9b21-4f2e-91b3-4a467353bcc0,ED6D2821-8D74-4F4B-9A9D-C293544E7509#0,0323A0F3-EF17-4F65-B5D3-E229A2649664#0,2025-02-18T19:15:28.380000+00:00,2025-03-14T18:15:31.637000+00:00,23.958,AV:N/AC:L/PR:N/UI:N/S:U/C:H/I:H/A:H,AV:N/AC:L/PR:L/UI:N/S:U/C:H/I:H/A:H,PR,2025
CVE-2025-32180,3.1,audit@patchstack.com,219F4B3B-62D7-41FC-8553-49D5C3DBA70C#1,359EA96F-7509-469C-809C-11553515FA26#0,2026-04-01T17:22:04.580000+00:00,2026-04-23T15:28:42.500000+00:00,21.921,AV:N/AC:L/PR:L/UI:N/S:U/C:N/I:L/A:N,AV:N/AC:L/PR:L/UI:R/S:C/C:L/I:L/A:L,"A,C,S,UI",2026
CVE-2025-32245,3.1,audit@patchstack.com,A587ED46-FD8B-4668-A9D4-81B2FC8A3B7D#1,E7748CBE-D08A-4F81-A170-33C5EDE28F88#0,2026-04-01T17:22:14.177000+00:00,2026-04-23T15:28:49.610000+00:00,21.921,AV:N/AC:L/PR:L/UI:N/S:C/C:H/I:N/A:L,AV:N/AC:L/PR:L/UI:R/S:C/C:L/I:L/A:L,"C,I,UI",2026
CVE-2025-32281,3.1,audit@patchstack.com,092FC5D0-276A-449C-BFF5-82803BED2A3F#1,5E6630F0-B204-4EBA-AD32-9C7A23C0A11C#0,2026-04-01T17:22:19.023000+00:00,2026-04-23T15:28:53.697000+00:00,21.921,AV:N/AC:L/PR:N/UI:N/S:U/C:H/I:H/A:H,AV:N/AC:L/PR:N/UI:R/S:U/C:N/I:L/A:N,"A,C,I,UI",2026
CVE-2025-39537,3.1,audit@patchstack.com,0DBDD440-AE98-4188-9F48-72E7B0A199D9#1,C3F103FB-3465-4A60-A799-B65972694EE2#0,2026-04-01T17:23:17.220000+00:00,2026-04-23T15:29:44.893000+00:00,21.921,AV:N/AC:L/PR:N/UI:N/S:U/C:L/I:N/A:N,AV:N/AC:L/PR:N/UI:R/S:C/C:L/I:L/A:L,"A,I,S,UI",2026
CVE-2025-46397,3.1,secalert@redhat.com,D76A2E3F-CD90-452F-9DFB-56FF6DF4DE31#1,5B3F065F-9418-4165-AAEA-52FB8A86CA61#1,2025-04-30T18:15:47.930000+00:00,2025-05-15T12:15:23.097000+00:00,14.75,AV:L/AC:L/PR:L/UI:N/S:U/C:H/I:H/A:N,AV:L/AC:H/PR:N/UI:R/S:U/C:N/I:H/A:N,"AC,C,PR,UI",2025
CVE-2025-46398,3.1,secalert@redhat.com,5BE1BBDD-2C97-4BE6-A116-3895BE9195ED#1,EF720597-352B-4CC3-ACCC-79D3541EE5BA#1,2025-04-30T18:15:47.993000+00:00,2025-05-15T12:15:23.270000+00:00,14.75,AV:L/AC:L/PR:L/UI:N/S:U/C:H/I:H/A:N,AV:L/AC:H/PR:N/UI:R/S:U/C:N/I:H/A:N,"AC,C,PR,UI",2025
CVE-2025-46399,3.1,secalert@redhat.com,6E83AC56-BD92-44CD-B97D-7AFC2BCE6844#1,69FA21AB-503D-4940-8E67-9F264AF1C7D7#1,2025-04-30T18:15:48.050000+00:00,2025-05-15T17:15:55.393000+00:00,14.958,AV:L/AC:L/PR:L/UI:N/S:U/C:H/I:H/A:N,AV:L/AC:H/PR:N/UI:R/S:U/C:N/I:H/A:N,"AC,C,PR,UI",2025
CVE-2025-46400,3.1,secalert@redhat.com,337E4636-AAF1-48F3-90DD-4F819B9E9E78#1,A7B0BCA6-2D0C-4784-BC0D-1EE89E788CE5#1,2025-04-30T18:15:48.107000+00:00,2025-05-15T02:15:21.520000+00:00,14.333,AV:L/AC:L/PR:L/UI:N/S:U/C:H/I:H/A:N,AV:L/AC:H/PR:N/UI:R/S:U/C:N/I:H/A:N,"AC,C,PR,UI",2025
CVE-2025-47444,3.1,audit@patchstack.com,455E1BEB-1B39-424E-BDE2-1CAC4D19A710#1,D5A26F67-3B63-4C10-B18C-AAE8BADC36ED#0,2026-04-01T17:23:47.920000+00:00,2026-04-23T15:30:13.597000+00:00,21.921,AV:N/AC:L/PR:N/UI:N/S:U/C:H/I:N/A:N,AV:N/AC:L/PR:N/UI:N/S:U/C:L/I:N/A:N,C,2026
CVE-2025-49288,3.1,audit@patchstack.com,7FCA2704-F36B-4233-8890-5D04D40EE37D#1,C0B59C94-D97D-4422-BF94-2F179ED255F0#0,2026-04-01T17:24:59.807000+00:00,2026-04-23T15:31:23.903000+00:00,21.921,AV:N/AC:L/PR:L/UI:N/S:U/C:L/I:N/A:N,AV:N/AC:L/PR:L/UI:N/S:U/C:H/I:H/A:H,"A,C,I",2026
CVE-2025-49402,3.1,audit@patchstack.com,99AA01CD-CB92-404C-9074-0ACCC0BABC42#1,4EE019D9-9176-4720-A3B4-398ED76156C1#0,2026-04-01T17:25:12.673000+00:00,2026-04-23T15:31:37.083000+00:00,21.921,AV:N/AC:L/PR:L/UI:N/S:U/C:H/I:N/A:N,AV:N/AC:L/PR:L/UI:N/S:C/C:H/I:N/A:L,"A,S",2026
CVE-2025-49413,3.1,audit@patchstack.com,174B9281-C791-4241-AAC8-7AC48F5708AE#1,F4BCB658-61EA-47EB-B5AC-F15C6477BF39#0,2026-04-01T17:25:13.063000+00:00,2026-04-23T15:31:38.320000+00:00,21.921,AV:N/AC:L/PR:H/UI:R/S:C/C:L/I:L/A:L,AV:N/AC:L/PR:N/UI:R/S:C/C:L/I:L/A:L,PR,2026
CVE-2025-49420,3.1,audit@patchstack.com,42ADCF00-5895-4D8D-95F1-24AAB0A1A35E#1,594FF86F-FF00-4CB9-AE7E-D34C0DE3653C#0,2026-04-01T17:25:14.057000+00:00,2026-04-23T15:31:39.120000+00:00,21.921,AV:N/AC:L/PR:L/UI:R/S:C/C:L/I:L/A:L,AV:N/AC:L/PR:N/UI:R/S:C/C:L/I:L/A:L,PR,2026
CVE-2025-49422,3.1,audit@patchstack.com,4AFDFF1F-2AFA-4874-847D-2547DCA59BFB#1,0BDA2521-FB3B-47FC-BF1A-C1A26FFF08A2#0,2026-04-01T17:25:14.350000+00:00,2026-04-23T15:31:39.343000+00:00,21.921,AV:N/AC:L/PR:L/UI:R/S:C/C:L/I:L/A:L,AV:N/AC:L/PR:N/UI:N/S:U/C:H/I:H/A:H,"A,C,I,PR,S,UI",2026
CVE-2025-49424,3.1,audit@patchstack.com,E70B8321-08EA-4D26-877D-F0FD8D5A6913#1,618352DE-5D5B-4B63-9AC7-CF672B11ED8A#0,2026-04-01T17:25:14.617000+00:00,2026-04-23T15:31:39.567000+00:00,21.921,AV:N/AC:L/PR:L/UI:R/S:C/C:L/I:L/A:L,AV:N/AC:L/PR:N/UI:R/S:C/C:L/I:L/A:L,PR,2026
CVE-2025-49426,3.1,audit@patchstack.com,2D43D1EC-CDFE-4AED-8BF7-A61B82DEDEED#1,6D3E56DA-D1B1-4773-8DF9-B4AF12AF5433#0,2026-04-01T17:25:14.863000+00:00,2026-04-23T15:31:39.793000+00:00,21.921,AV:N/AC:L/PR:N/UI:R/S:U/C:N/I:L/A:N,AV:N/AC:H/PR:N/UI:N/S:U/C:H/I:H/A:H,"A,AC,C,I,UI",2026
CVE-2025-49434,3.1,audit@patchstack.com,BED57C1D-041F-4259-9BF8-AB883E341EC7#1,02C7314B-C2AA-405F-95DE-A593334C7103#0,2026-04-01T17:25:15.987000+00:00,2026-04-23T15:31:40.630000+00:00,21.921,AV:N/AC:L/PR:H/UI:R/S:C/C:L/I:L/A:L,AV:N/AC:L/PR:N/UI:N/S:U/C:H/I:H/A:H,"A,C,I,PR,S,UI",2026
CVE-2025-49436,3.1,audit@patchstack.com,2B8F6AF7-9499-4898-9F10-613FC913FE4C#1,471ED0D4-0494-4242-8F9D-8B0E226FFFD1#0,2026-04-01T17:25:16.240000+00:00,2026-04-23T15:31:40.863000+00:00,21.921,AV:N/AC:L/PR:L/UI:R/S:C/C:L/I:L/A:L,AV:N/AC:H/PR:N/UI:N/S:U/C:H/I:H/A:H,"A,AC,C,I,PR,S,UI",2026
CVE-2025-49455,3.1,audit@patchstack.com,FF19692B-0D8E-4CDA-8A01-FFEC28221F09#1,62D72EC9-24D9-414E-839C-ED8002DD1A77#0,2026-04-01T17:25:18.277000+00:00,2026-04-23T15:31:42.853000+00:00,21.921,AV:N/AC:L/PR:N/UI:N/S:U/C:H/I:H/A:H,AV:N/AC:L/PR:N/UI:N/S:C/C:H/I:N/A:L,"A,I,S",2026
CVE-2025-49889,3.1,audit@patchstack.com,B91CC134-94F7-4F96-89B6-8CC661A7AC1E#1,503DBC06-E548-4A39-A789-308EEE4E474A#0,2026-04-01T17:25:23.917000+00:00,2026-04-23T15:31:47.423000+00:00,21.921,AV:N/AC:L/PR:H/UI:R/S:C/C:L/I:L/A:L,AV:N/AC:H/PR:N/UI:N/S:U/C:H/I:H/A:H,"A,AC,C,I,PR,S,UI",2026
CVE-2025-49890,3.1,audit@patchstack.com,DC79709E-DDB2-46E8-8A49-7B5AB7E254ED#1,2AAEC36F-D15E-497A-81F6-6CB8CF593055#0,2026-04-01T17:25:24.053000+00:00,2026-04-23T15:31:47.533000+00:00,21.921,AV:N/AC:L/PR:H/UI:R/S:C/C:L/I:L/A:L,AV:N/AC:L/PR:N/UI:N/S:U/C:H/I:H/A:H,"A,C,I,PR,S,UI",2026
CVE-2025-49891,3.1,audit@patchstack.com,234FFACF-76D1-4FB1-B33F-7176579803D1#1,DD7101A0-9AE0-4C12-933C-30552139A883#0,2026-04-01T17:25:24.183000+00:00,2026-04-23T15:31:47.660000+00:00,21.921,AV:N/AC:L/PR:H/UI:R/S:C/C:L/I:L/A:L,AV:N/AC:L/PR:L/UI:N/S:C/C:H/I:N/A:L,"C,I,PR,UI",2026
CVE-2025-49892,3.1,audit@patchstack.com,59C5011F-6299-4968-888C-A3B7BBD4B302#1,F1A43FE4-A465-44C3-B56C-7F82B1468148#0,2026-04-01T17:25:24.317000+00:00,2026-04-23T15:31:47.787000+00:00,21.921,AV:N/AC:L/PR:H/UI:R/S:C/C:L/I:L/A:L,AV:N/AC:H/PR:N/UI:N/S:U/C:H/I:H/A:H,"A,AC,C,I,PR,S,UI",2026
CVE-2025-49893,3.1,audit@patchstack.com,E9EBC30A-9F03-4BA8-9A2D-7B709396D303#1,0C23E299-4EE9-40C8-B1EF-7E915201D896#0,2026-04-01T17:25:24.453000+00:00,2026-04-23T15:31:47.900000+00:00,21.921,AV:N/AC:L/PR:L/UI:R/S:C/C:L/I:L/A:L,AV:N/AC:L/PR:N/UI:R/S:C/C:L/I:L/A:L,PR,2026
CVE-2025-49894,3.1,audit@patchstack.com,3E2321BA-BE6C-49C8-93E5-F52828440614#1,25685D79-CF2C-45D5-BC1C-7E82F5EF78AC#0,2026-04-01T17:25:24.590000+00:00,2026-04-23T15:31:48.010000+00:00,21.921,AV:N/AC:L/PR:H/UI:R/S:C/C:L/I:L/A:L,AV:N/AC:H/PR:N/UI:N/S:U/C:H/I:H/A:H,"A,AC,C,I,PR,S,UI",2026
CVE-2025-59033,3.1,134c704f-9b21-4f2e-91b3-4a467353bcc0,624A08B4-5526-43BE-A24A-22DD9CF7EABD#0,FCB8AF10-9F10-4D5E-9EE5-BC3CECBB97A7#0,2025-10-30T01:16:03.950000+00:00,2025-10-30T02:15:33.870000+00:00,0.041,AV:N/AC:L/PR:N/UI:N/S:U/C:H/I:H/A:H,AV:L/AC:L/PR:H/UI:N/S:U/C:H/I:H/A:H,"AV,PR",2025
CVE-2025-8276,3.1,iletisim@usom.gov.tr,69C5EF00-BC15-4FD9-9F43-024D5062351A#0,D0433F49-8215-40F1-BFB8-052D3EE1FABE#1,2025-09-19T12:15:35.843000+00:00,2025-09-30T14:15:40.577000+00:00,11.083,AV:N/AC:L/PR:N/UI:N/S:C/C:H/I:H/A:N,AV:N/AC:L/PR:N/UI:R/S:U/C:N/I:L/A:N,"C,I,S,UI",2025
CVE-2026-19582,3.1,secalert@redhat.com,E10A69D6-75AB-42B6-AA33-6043D26B2092#0,0416864E-0441-4243-8B83-B96EEA43D5CF#0,2026-08-25T23:16:58.030000+00:00,2026-08-26T13:17:47.633000+00:00,0.584,AV:L/AC:L/PR:N/UI:R/S:U/C:H/I:H/A:H,AV:N/AC:L/PR:N/UI:N/S:U/C:N/I:N/A:N,"A,AV,C,I,UI",2026
CVE-2026-22209,3.1,disclosure@vulncheck.com,883AC38D-26AA-4F65-B8C8-A8F9C2C1EED1#3,CFE1311D-EF35-4A8D-8591-23F480848C5B#0,2026-03-20T14:16:14.307000+00:00,2026-03-20T18:16:12.573000+00:00,0.167,AV:N/AC:L/PR:H/UI:N/S:C/C:L/I:L/A:N,AV:A/AC:L/PR:N/UI:N/S:U/C:H/I:H/A:H,"A,AV,C,I,PR,S",2026
CVE-2026-23550,3.1,audit@patchstack.com,54C9F0B0-A55A-4292-967B-ACD7D568AFE3#1,D8C8F798-4AF8-46D1-A109-184AB42CC021#0,2026-04-01T17:28:33.807000+00:00,2026-04-23T15:36:39.077000+00:00,21.922,AV:N/AC:L/PR:N/UI:N/S:C/C:H/I:H/A:H,AV:N/AC:L/PR:N/UI:N/S:U/C:H/I:H/A:H,S,2026
CVE-2026-66783,3.1,secalert@redhat.com,0F420D0C-BB2E-4684-BFB3-2A694AB3F1A9#0,EDFC0AF2-D5BE-44FB-A23D-E8A6EA25E1C9#0,2026-09-01T20:17:15.797000+00:00,2026-09-01T21:18:35.440000+00:00,0.043,AV:L/AC:L/PR:H/UI:N/S:C/C:H/I:H/A:H,AV:N/AC:H/PR:H/UI:N/S:C/C:L/I:L/A:N,"A,AC,AV,C,I",2026
CVE-2026-66785,3.1,secalert@redhat.com,CF03DD59-7FDE-4F3C-B7F4-4FDD05A196D8#0,38D1D44B-D8EC-481B-8D39-576B6E42ED64#0,2026-09-01T20:17:15.940000+00:00,2026-09-01T21:18:35.557000+00:00,0.043,AV:N/AC:L/PR:L/UI:N/S:C/C:H/I:H/A:H,AV:L/AC:H/PR:L/UI:N/S:U/C:L/I:N/A:N,"A,AC,AV,C,I,S",2026
CVE-2026-66787,3.1,secalert@redhat.com,3C912DDA-576E-45D0-B240-A5BD353B345F#0,65C3160F-344D-4391-8F74-3040B380B8A8#0,2026-09-01T20:17:16.140000+00:00,2026-09-01T21:18:35.690000+00:00,0.043,AV:N/AC:L/PR:H/UI:N/S:C/C:H/I:H/A:N,AV:A/AC:L/PR:N/UI:N/S:U/C:L/I:N/A:L,"A,AV,C,I,PR,S",2026
CVE-2026-66788,3.1,secalert@redhat.com,6B90F02C-D615-4921-A20B-075823F52338#0,5E80F8B2-F431-404E-8A38-B163B09AB917#0,2026-09-01T20:17:16.253000+00:00,2026-09-01T21:18:35.820000+00:00,0.043,AV:N/AC:L/PR:L/UI:N/S:C/C:H/I:H/A:H,AV:N/AC:H/PR:N/UI:N/S:U/C:N/I:L/A:N,"A,AC,C,I,PR,S",2026
