file,cve_id,event_name,change_id,source,created,action,detail_type,old_shape,new_shape,same_after_normalization,old_value,new_value
data\raw\nvd\history\20240101_20240429_0000000.json,CVE-2023-39912,CVE Modified,7F3019A8-9A98-4296-8A43-7D77271FA10B,cve@mitre.org,2024-01-01T06:15:08.007,Changed,Description,string,string,False,Zoho ManageEngine ADManager Plus through 7202 allows admin users to download any file from the server machine via directory traversal.,Zoho ManageEngine ADManager Plus before 7203 allows Help Desk Technician users to read arbitrary files on the machine where this product is installed.
data\raw\nvd\history\20240101_20240429_0000000.json,CVE-2023-51766,CVE Modified,EAB69DF0-E8E8-4E34-A4C8-CECF17FBBB68,cve@mitre.org,2024-01-01T17:15:08.400,Changed,Description,string,string,False,"Exim through 4.97 allows SMTP smuggling in certain configurations. Remote attackers can use a published exploitation technique to inject e-mail messages with a spoofed MAIL FROM address, allowing bypass of an SPF protection mechanism. This occurs because Exim supports <LF>.<CR><LF> but some other popular e-mail servers do not.","Exim before 4.97.1 allows SMTP smuggling in certain PIPELINING/CHUNKING configurations. Remote attackers can use a published exploitation technique to inject e-mail messages with a spoofed MAIL FROM address, allowing bypass of an SPF protection mechanism. This occurs because Exim supports <LF>.<CR><LF> but some other popular e-mail servers do not."
data\raw\nvd\history\20240101_20240429_0000000.json,CVE-2023-4380,CVE Modified,5DAB48F5-FEBB-432A-A3E7-EC7D46DCE745,secalert@redhat.com,2024-01-01T23:15:08.460,Changed,Description,string,string,False,"A logic flaw exists in Ansible. Whenever a private project is created with incorrect credentials, they are logged in plaintext. This flaw allows an attacker to retrieve the credentials from the log, resulting in the loss of confidentiality, integrity, and availability.","A logic flaw exists in Ansible Automation platform. Whenever a private project is created with incorrect credentials, they are logged in plaintext. This flaw allows an attacker to retrieve the credentials from the log, resulting in the loss of confidentiality, integrity, and availability."
data\raw\nvd\history\20240101_20240429_0000000.json,CVE-2023-40303,CVE Modified,78FED5DD-C340-4755-828D-BE89F5709065,cve@mitre.org,2024-01-02T01:15:07.857,Changed,Description,string,string,False,"GNU inetutils through 2.4 may allow privilege escalation because of unchecked return values of set*id() family functions in ftpd, rcp, rlogin, rsh, rshd, and uucpd. This is, for example, relevant if the setuid system call fails when a process is trying to drop privileges before letting an ordinary user control the activities of the process.","GNU inetutils before 2.5 may allow privilege escalation because of unchecked return values of set*id() family functions in ftpd, rcp, rlogin, rsh, rshd, and uucpd. This is, for example, relevant if the setuid system call fails when a process is trying to drop privileges before letting an ordinary user control the activities of the process."
data\raw\nvd\history\20240101_20240429_0000000.json,CVE-2023-6051,CVE Modified,6115A67D-DA3A-40FA-95B7-750A0551231F,cve@gitlab.com,2024-01-02T09:15:07.310,Changed,Description,string,string,False,"An issue has been discovered in GitLab CE/EE affecting all versions before 16.4.4, all versions starting from 15.5 before 16.5.4, all versions starting from 16.6 before 16.6.2. File integrity may be compromised when source code or installation packages are pulled from a specific tag.","An issue has been discovered in GitLab CE/EE affecting all versions before 16.4.4, all versions starting from 16.5 before 16.5.4, all versions starting from 16.6 before 16.6.2. File integrity may be compromised when source code or installation packages are pulled from a specific tag."
data\raw\nvd\history\20240101_20240429_0000000.json,CVE-2023-6895,Initial Analysis,3D35C5F5-E36F-4D8A-ADDB-FA5C5D40ADEE,nvd@nist.gov,2024-01-02T13:12:21.843,Changed,Reference Type,string,string,False,https://github.com/willchen0011/cve/blob/main/rce.md No Types Assigned,"https://github.com/willchen0011/cve/blob/main/rce.md Exploit, Third Party Advisory"
data\raw\nvd\history\20240101_20240429_0000000.json,CVE-2023-6895,Initial Analysis,3D35C5F5-E36F-4D8A-ADDB-FA5C5D40ADEE,nvd@nist.gov,2024-01-02T13:12:21.843,Changed,Reference Type,string,string,False,https://vuldb.com/?ctiid.248254 No Types Assigned,"https://vuldb.com/?ctiid.248254 Permissions Required, Third Party Advisory"
data\raw\nvd\history\20240101_20240429_0000000.json,CVE-2023-6895,Initial Analysis,3D35C5F5-E36F-4D8A-ADDB-FA5C5D40ADEE,nvd@nist.gov,2024-01-02T13:12:21.843,Changed,Reference Type,string,string,False,https://vuldb.com/?id.248254 No Types Assigned,https://vuldb.com/?id.248254 Third Party Advisory
data\raw\nvd\history\20240101_20240429_0000000.json,CVE-2023-6314,Initial Analysis,9549140B-251C-424C-88DC-BDB6E038B813,nvd@nist.gov,2024-01-02T13:31:21.227,Changed,Reference Type,string,string,False,https://industry.panasonic.eu/products/automation-devices-solutions/programmable-logic-controllers-plc/plc-software/programming-software-control-fpwin-pro No Types Assigned,https://industry.panasonic.eu/products/automation-devices-solutions/programmable-logic-controllers-plc/plc-software/programming-software-control-fpwin-pro Product
data\raw\nvd\history\20240101_20240429_0000000.json,CVE-2023-6315,Initial Analysis,C862F90C-40E8-4925-BFA4-14D1EE3EDCDA,nvd@nist.gov,2024-01-02T13:43:51.827,Changed,Reference Type,string,string,False,https://industry.panasonic.eu/products/automation-devices-solutions/programmable-logic-controllers-plc/plc-software/programming-software-control-fpwin-pro No Types Assigned,https://industry.panasonic.eu/products/automation-devices-solutions/programmable-logic-controllers-plc/plc-software/programming-software-control-fpwin-pro Product
data\raw\nvd\history\20240101_20240429_0000000.json,CVE-2023-3080,CPE Deprecation Remap,D925C078-159C-4287-BCFC-7E7314CE47A5,nvd@nist.gov,2024-01-02T16:28:55.030,Changed,CPE Configuration,string,string,False,OR *cpe:2.3:a:wp_mail_catcher_project:wp_mail_catcher:*:*:*:*:*:wordpress:*:* versions from (excluding) 2.1.3,OR *cpe:2.3:a:jamesward:wp_mail_catcher:*:*:*:*:*:wordpress:*:* versions from (excluding) 2.1.3
data\raw\nvd\history\20240101_20240429_0000000.json,CVE-2021-45967,Reanalysis,8A541041-7328-449B-B528-F5111CA8AA5D,nvd@nist.gov,2024-01-03T18:55:26.937,Changed,CPE Configuration,string,string,False,OR *cpe:2.3:a:pascom_cloud_phone_system:*:*:*:*:*:*:*:*:* versions up to (including) 7.19,OR *cpe:2.3:a:pascom:cloud_phone_system:*:*:*:*:*:*:*:* versions up to (including) 7.19
data\raw\nvd\history\20240101_20240429_0000000.json,CVE-2019-15592,Reanalysis,D0BC97FF-B2B9-426B-BDAA-ED6410C38871,nvd@nist.gov,2024-01-03T18:55:45.163,Changed,CPE Configuration,string,string,False,OR *cpe:2.3:a:gitlab:gitlab:*:*:*:*:*:*:*:*,OR *cpe:2.3:a:gitlab:gitlab:*:*:*:*:community:*:*:* versions from (including) 11.2.0 up to (excluding) 12.0.8 *cpe:2.3:a:gitlab:gitlab:*:*:*:*:enterprise:*:*:* versions from (including) 11.2.0 up to (excluding) 12.0.8 *cpe:2.3:a:gitlab:gitlab:*:*:*:*:community:*:*:* versions from (including) 12.1.0 up to (excluding) 12.1.8 *cpe:2.3:a:gitlab:gitlab:*:*:*:*:enterprise:*:*:* versions from (including) 12.1.0 up to (excluding) 12.1.8 *cpe:2.3:a:gitlab:gitlab:*:*:*:*:community:*:*:* versions from (inc...[TRUNCATED]
data\raw\nvd\history\20240101_20240429_0000000.json,CVE-2022-2389,CPE Deprecation Remap,3B7E46F1-1E0D-4D96-8E6F-4B49D6418BD0,nvd@nist.gov,2024-01-04T15:17:19.940,Changed,CPE Configuration,string,string,False,OR *cpe:2.3:a:buildwoofunnels:autonami:*:*:*:*:*:wordpress:*:* versions from (excluding) 2.1.2,OR *cpe:2.3:a:funnelkit:funnelkit_automations:*:*:*:*:*:wordpress:*:* versions from (excluding) 2.1.2
data\raw\nvd\history\20240101_20240429_0000000.json,CVE-2014-6059,CPE Deprecation Remap,98DD9D00-414B-4493-95AA-893BEAC9725A,nvd@nist.gov,2024-01-05T14:36:21.020,Changed,CPE Configuration,string,string,False,OR *cpe:2.3:a:advanced_access_manager_project:advanced_access_manager:*:*:*:*:*:wordpress:*:* versions from (excluding) 2.8.2,OR *cpe:2.3:a:vasyltech:advanced_access_manager:*:*:*:*:*:wordpress:*:* versions from (excluding) 2.8.2
data\raw\nvd\history\20240101_20240429_0005000.json,CVE-2023-46805,CVE CISA KEV Update,CFA0468D-416F-44BA-905A-A50CD5ADA238,9119a7d8-5eab-497f-8521-727c672e3725,2024-01-19T02:00:02.097,Changed,Due Date,string,string,False,2024-01-31,2024-01-22
data\raw\nvd\history\20240101_20240429_0005000.json,CVE-2024-21887,CVE CISA KEV Update,A082207F-FBC9-4030-B14F-0FDAE5789B9A,9119a7d8-5eab-497f-8521-727c672e3725,2024-01-19T02:00:02.523,Changed,Due Date,string,string,False,2024-01-31,2024-01-22
data\raw\nvd\history\20240828_20241225_0005000.json,CVE-2019-1069,CVE CISA KEV Update,F1FFF475-A695-4E2C-A662-267D65C8D077,9119a7d8-5eab-497f-8521-727c672e3725,2024-09-19T01:00:03.257,Changed,Due Date,string,string,False,2022-04-05,2024-10-09
data\raw\nvd\history\20240828_20241225_0005000.json,CVE-2019-1069,CVE CISA KEV Update,4C5BD64C-F059-4C85-814F-88F203CD4FA1,9119a7d8-5eab-497f-8521-727c672e3725,2024-09-20T01:00:01.483,Changed,Due Date,string,string,False,2024-10-09,2022-04-05
data\raw\nvd\history\20250425_20250822_0000000.json,CVE-2025-3928,CVE CISA KEV Update,A0349C3E-3276-4517-8DC5-77F619D9633B,9119a7d8-5eab-497f-8521-727c672e3725,2025-04-30T01:00:02.513,Changed,Due Date,string,string,False,2025-05-17,2025-05-19
data\raw\nvd\history\20240101_20240429_0005000.json,CVE-2006-2916,Modified Analysis,FF51E1A4-5E72-4EDA-83E4-5D4663E31975,nvd@nist.gov,2024-01-21T01:42:33.747,Changed,Evaluator Solution,string,string,True,Product is only vulnerable when running setuid root on Linux 2.6.0 or later versions. Vendor links provide patches for each affected version.,Product is only vulnerable when running setuid root on Linux 2.6.0 or later versions. Vendor links provide patches for each affected version.
data\raw\nvd\history\20240101_20240429_0005000.json,CVE-2003-0899,Modified Analysis,9A902C2F-F18A-4EB3-BFED-D38C26516F71,nvd@nist.gov,2024-02-02T14:01:01.903,Changed,Evaluator Solution,string,string,True,"This vulnerability is addressed in the following product release: Acme Labs, thttpd, 2.24","This vulnerability is addressed in the following product release: Acme Labs, thttpd, 2.24"
data\raw\nvd\history\20240101_20240429_0005000.json,CVE-2010-0378,Modified Analysis,6F62B9F7-2DC3-4B87-8B1E-A99AEB2DE62E,nvd@nist.gov,2024-02-03T02:21:08.600,Changed,Evaluator Solution,string,string,True,"Per: http://www.microsoft.com/technet/security/advisory/979267.mspx "" Suggested Actions Perform one or both of the following steps: • Uninstall the Adobe Flash Player version 6. • Install the most current version of Flash Player available from Adobe.""","Per: http://www.microsoft.com/technet/security/advisory/979267.mspx "" Suggested Actions Perform one or both of the following steps: • Uninstall the Adobe Flash Player version 6. • Install the most current version of Flash Player available from Adobe."""
data\raw\nvd\history\20240101_20240429_0005000.json,CVE-2010-0050,Modified Analysis,DBFC2BC1-02F5-4BD7-A702-30926A82E5CA,nvd@nist.gov,2024-02-03T02:24:33.557,Changed,Evaluator Solution,string,string,True,"Per: http://lists.apple.com/archives/security-announce/2010/Mar/msg00000.html 'Safari 4.0.5 is available via the Apple Software Update application, or Apple's Safari download site at: http://www.apple.com/safari/download/'","Per: http://lists.apple.com/archives/security-announce/2010/Mar/msg00000.html 'Safari 4.0.5 is available via the Apple Software Update application, or Apple's Safari download site at: http://www.apple.com/safari/download/'"
data\raw\nvd\history\20240101_20240429_0010000.json,CVE-2007-0897,Modified Analysis,635B3A39-5C16-4D08-BD9B-D0A87DE669B2,nvd@nist.gov,2024-02-09T02:48:50.810,Changed,Evaluator Solution,string,string,True,"This vulnerability is addressed in the following product release: Clam AntiVirus, ClamAV, 0.90 Stable","This vulnerability is addressed in the following product release: Clam AntiVirus, ClamAV, 0.90 Stable"
data\raw\nvd\history\20240101_20240429_0005000.json,CVE-2009-0244,Modified Analysis,B48C1C94-F494-4B30-B1A8-702D80DB8370,nvd@nist.gov,2024-01-26T17:53:29.510,Changed,Evaluator Impact,string,string,True,"per: http://www.seguridadmobile.com/windows-mobile/windows-mobile-security/Microsoft-Bluetooth-Stack-Directory-Traversal.html ""Non vulnerable products: Windows Mobile devices 5.0 and 6 not using Microsoft Bluetooth Stack (for example: ASUS P525, ASUS P535, ... using Widcomm/Broadcom Bluetooth Stack)""","per: http://www.seguridadmobile.com/windows-mobile/windows-mobile-security/Microsoft-Bluetooth-Stack-Directory-Traversal.html ""Non vulnerable products: Windows Mobile devices 5.0 and 6 not using Microsoft Bluetooth Stack (for example: ASUS P525, ASUS P535, ... using Widcomm/Broadcom Bluetooth Stack)"""
data\raw\nvd\history\20240101_20240429_0005000.json,CVE-2007-4268,Modified Analysis,5CBA3D70-3B45-4512-B32C-DAC1A481A749,nvd@nist.gov,2024-02-02T02:35:40.727,Changed,Evaluator Impact,string,string,True,"""By sending a maliciously crafted AppleTalk message, a local user may cause an unexpected system shutdown or arbitrary code execution with system privileges.""","""By sending a maliciously crafted AppleTalk message, a local user may cause an unexpected system shutdown or arbitrary code execution with system privileges."""
data\raw\nvd\history\20240101_20240429_0005000.json,CVE-2013-3301,Modified Analysis,F21871BB-76A9-4E88-9065-E442D930ECE4,nvd@nist.gov,2024-02-02T16:33:41.397,Changed,Evaluator Impact,string,string,True,"Per https://access.redhat.com/security/cve/CVE-2013-3301 ""This issue affects the versions of Linux kernel as shipped with Red Hat Enterprise Linux 6 and Red Hat Enterprise MRG 2. Future kernel updates for Red Hat Enterprise Linux 6 and Red Hat Enterprise MRG 2 may address this issue.""","Per https://access.redhat.com/security/cve/CVE-2013-3301 ""This issue affects the versions of Linux kernel as shipped with Red Hat Enterprise Linux 6 and Red Hat Enterprise MRG 2. Future kernel updates for Red Hat Enterprise Linux 6 and Red Hat Enterprise MRG 2 may address this issue."""
data\raw\nvd\history\20240101_20240429_0005000.json,CVE-2010-2547,Modified Analysis,16ED219A-EF70-48EC-AC2E-78B38952C4F1,nvd@nist.gov,2024-02-02T16:34:14.227,Changed,Evaluator Impact,string,string,True,Per: http://lists.gnupg.org/pipermail/gnupg-announce/2010q3/000302.html 'GnuPG 1.x is NOT affected because it does not come with the GPGSM tool.',Per: http://lists.gnupg.org/pipermail/gnupg-announce/2010q3/000302.html 'GnuPG 1.x is NOT affected because it does not come with the GPGSM tool.'
data\raw\nvd\history\20240101_20240429_0005000.json,CVE-2010-0629,Modified Analysis,0C36CDDD-A708-4AFF-9E4B-D069398DB65B,nvd@nist.gov,2024-02-02T16:52:02.487,Changed,Evaluator Impact,string,string,True,Per: http://web.mit.edu/kerberos/advisories/MITKRB5-SA-2010-003.txt 'AFFECTED SOFTWARE ================= * kadmind in MIT releases krb5-1.5 through krb5-1.6.3.',Per: http://web.mit.edu/kerberos/advisories/MITKRB5-SA-2010-003.txt 'AFFECTED SOFTWARE ================= * kadmind in MIT releases krb5-1.5 through krb5-1.6.3.'
data\raw\nvd\history\20240101_20240429_0005000.json,CVE-2014-3631,Modified Analysis,5F0994E8-DAAB-4AE3-AC3D-865139DC507A,nvd@nist.gov,2024-02-02T16:33:35.667,Changed,Evaluator Description,string,string,False,"<a href=""http://cwe.mitre.org/data/definitions/476.html"" target=""_blank"">CWE-476: NULL Pointer Dereference</a>",CWE-476: NULL Pointer Dereference
data\raw\nvd\history\20240101_20240429_0005000.json,CVE-2010-0378,Modified Analysis,6F62B9F7-2DC3-4B87-8B1E-A99AEB2DE62E,nvd@nist.gov,2024-02-03T02:21:08.600,Changed,Evaluator Description,string,string,True,Per: http://cwe.mitre.org/data/definitions/416.html CWE-416 Use-After Free Vulnerability,Per: http://cwe.mitre.org/data/definitions/416.html CWE-416 Use-After Free Vulnerability
data\raw\nvd\history\20240101_20240429_0005000.json,CVE-2010-0050,Modified Analysis,DBFC2BC1-02F5-4BD7-A702-30926A82E5CA,nvd@nist.gov,2024-02-03T02:24:33.557,Changed,Evaluator Description,string,string,True,"Per: http://lists.apple.com/archives/security-announce/2010/Mar/msg00000.html 'WebKit CVE-ID: CVE-2010-0050 Available for: Mac OS X v10.4.11, Mac OS X Server v10.4.11, Mac OS X v10.5.8, Mac OS X Server v10.5.8, Mac OS X v10.6.1 or later, Mac OS X Server v10.6.1 or later, Windows 7, Vista, XP Impact: Visiting a maliciously crafted website may lead to an unexpected application termination or arbitrary code execution Description: A use-after-free issue exists in WebKit's handling of incorrectly nes...[TRUNCATED]","Per: http://lists.apple.com/archives/security-announce/2010/Mar/msg00000.html 'WebKit CVE-ID: CVE-2010-0050 Available for: Mac OS X v10.4.11, Mac OS X Server v10.4.11, Mac OS X v10.5.8, Mac OS X Server v10.5.8, Mac OS X v10.6.1 or later, Mac OS X Server v10.6.1 or later, Windows 7, Vista, XP Impact: Visiting a maliciously crafted website may lead to an unexpected application termination or arbitrary code execution Description: A use-after-free issue exists in WebKit's handling of incorrectly nes...[TRUNCATED]"
data\raw\nvd\history\20240101_20240429_0010000.json,CVE-2016-4029,Modified Analysis,25FDD671-530B-44CC-ACFC-277792DAAD72,nvd@nist.gov,2024-02-08T19:56:14.487,Changed,Evaluator Description,string,string,False,"<a href=""https://cwe.mitre.org/data/definitions/918.html"">CWE-918: Server-Side Request Forgery (SSRF)</a>",CWE-918: Server-Side Request Forgery (SSRF)
data\raw\nvd\history\20240101_20240429_0010000.json,CVE-2010-0249,Modified Analysis,6979873F-214D-4B7A-8064-36DF3AE5ACA3,nvd@nist.gov,2024-02-15T21:06:48.087,Changed,Evaluator Description,string,string,True,Per: http://cwe.mitre.org/data/definitions/416.htmlhttp://cwe.mitre.org/data/definitions/416.html CWE-416: Use After Free,Per: http://cwe.mitre.org/data/definitions/416.htmlhttp://cwe.mitre.org/data/definitions/416.html CWE-416: Use After Free
data\raw\nvd\history\20240101_20240429_0010000.json,CVE-2019-13720,CVE CISA KEV Update,4ED88FAE-857E-4F59-84E0-355036C50C09,9119a7d8-5eab-497f-8521-727c672e3725,2024-02-15T02:00:01.827,Changed,Vulnerability Name,string,string,False,Google Chrome Use-After-Free Vulnerability,Google Chrome WebAudio Use-After-Free Vulnerability
data\raw\nvd\history\20240101_20240429_0010000.json,CVE-2019-5786,CVE CISA KEV Update,8FDFD432-4F75-4F0E-ABA5-519DF592C75D,9119a7d8-5eab-497f-8521-727c672e3725,2024-02-15T02:00:01.960,Changed,Vulnerability Name,string,string,False,Google Chrome Use-After-Free Vulnerability,Google Chrome Blink Use-After-Free Vulnerability
data\raw\nvd\history\20240101_20240429_0010000.json,CVE-2020-15999,CVE CISA KEV Update,659266B6-E0BE-4157-9A39-C57E3FD014F0,9119a7d8-5eab-497f-8521-727c672e3725,2024-02-15T02:00:02.063,Changed,Vulnerability Name,string,string,False,Google Chrome Heap Buffer Overflow Vulnerability,Google Chrome FreeType Heap Buffer Overflow Vulnerability
data\raw\nvd\history\20240101_20240429_0010000.json,CVE-2020-16010,CVE CISA KEV Update,9F726BD9-33E5-4A2C-B6AE-05BA85AC0C79,9119a7d8-5eab-497f-8521-727c672e3725,2024-02-15T02:00:02.180,Changed,Vulnerability Name,string,string,False,Google Chrome for Android Heap Buffer Overflow Vulnerability,Google Chrome for Android UI Heap Buffer Overflow Vulnerability
data\raw\nvd\history\20240101_20240429_0010000.json,CVE-2020-6572,CVE CISA KEV Update,CBCAFCEA-66C4-48DA-91ED-9AB6A58ED95A,9119a7d8-5eab-497f-8521-727c672e3725,2024-02-15T02:00:02.277,Changed,Vulnerability Name,string,string,False,Google Chrome Prior to 81.0.4044.92 Use-After-Free Vulnerability,Google Chrome Media Prior to 81.0.4044.92 Use-After-Free Vulnerability
data\raw\nvd\history\20240101_20240429_0035000.json,CVE-2024-3400,CVE CISA KEV Update,B42D736C-3127-46C8-A012-5F6920B8EF36,9119a7d8-5eab-497f-8521-727c672e3725,2024-04-16T01:00:01.557,Changed,Required Action,string,string,False,"Users of affected devices should enable Threat Prevention Threat ID 95187 if that is available, otherwise, disable device telemetry until patches are available from the vendor, per vendor instructions.","Apply mitigations per vendor instructions as they become available. Otherwise, users with vulnerable versions of affected devices should enable Threat Prevention Threat ID 95187 if that is available, or disable device telemetry until patches are available from the vendor. See the vendor bulletin for more details and a patch release schedule."
data\raw\nvd\history\20240101_20240429_0035000.json,CVE-2024-3400,CVE CISA KEV Update,4B861AA7-887C-4FB8-8648-0470B0C83871,9119a7d8-5eab-497f-8521-727c672e3725,2024-04-18T01:00:01.590,Changed,Required Action,string,string,False,"Apply mitigations per vendor instructions as they become available. Otherwise, users with vulnerable versions of affected devices should enable Threat Prevention Threat ID 95187 if that is available, or disable device telemetry until patches are available from the vendor. See the vendor bulletin for more details and a patch release schedule.","Apply mitigations per vendor instructions as they become available. Otherwise, users with vulnerable versions of affected devices should enable Threat Prevention IDs available from the vendor. See the vendor bulletin for more details and a patch release schedule."
data\raw\nvd\history\20240828_20241225_0000000.json,CVE-2022-38028,CVE CISA KEV Update,EFA1D0CD-ECC6-4F79-A0C2-D35DE40E0BB5,9119a7d8-5eab-497f-8521-727c672e3725,2024-09-11T01:00:01.297,Changed,Required Action,string,string,True,Apply mitigations per vendor instructions or discontinue use of the product if mitigations are unavailable.,Apply mitigations per vendor instructions or discontinue use of the product if mitigations are unavailable.
data\raw\nvd\history\20240828_20241225_0005000.json,CVE-2019-1069,CVE CISA KEV Update,F1FFF475-A695-4E2C-A662-267D65C8D077,9119a7d8-5eab-497f-8521-727c672e3725,2024-09-19T01:00:03.257,Changed,Required Action,string,string,False,Apply updates per vendor instructions.,Apply mitigations per vendor instructions or discontinue use of the product if mitigations are unavailable.
data\raw\nvd\history\20240828_20241225_0005000.json,CVE-2019-1069,CVE CISA KEV Update,4C5BD64C-F059-4C85-814F-88F203CD4FA1,9119a7d8-5eab-497f-8521-727c672e3725,2024-09-20T01:00:01.483,Changed,Required Action,string,string,False,Apply mitigations per vendor instructions or discontinue use of the product if mitigations are unavailable.,Apply updates per vendor instructions.
data\raw\nvd\history\20240430_20240827_0250000.json,CVE-2023-36268,CVE Source Update,FC3CDCDA-049D-44E5-A842-3CDACEA404E8,security@documentfoundation.org,2024-05-31T18:15:09.157,Changed,Source,string,string,False,MITRE,"Document Foundation, The"
data\raw\nvd\history\20240430_20240827_0255000.json,CVE-2024-37694,CVE Source Update,98708BE3-B5E0-495D-B3CB-22C5C12583CB,psirt@esri.com,2024-06-27T17:15:10.183,Changed,Source,string,string,False,MITRE,"Environmental Systems Research Institute, Inc."
data\raw\nvd\history\20240828_20241225_0000000.json,CVE-2024-45440,CVE Source Update,71AAB63E-E903-4037-B529-A4152AF3D7CE,mlhess@drupal.org,2024-09-12T16:15:06.943,Changed,Source,string,string,False,MITRE,Drupal.org
data\raw\nvd\history\20240828_20241225_0010000.json,CVE-2024-43167,CVE Source Update,9F162270-6880-4D10-BF10-50533DCFA17D,sep@nlnetlabs.nl,2024-10-21T12:15:03.837,Changed,Source,string,string,False,"Red Hat, Inc.",NLnet Labs
data\raw\nvd\history\20240828_20241225_0010000.json,CVE-2024-43168,CVE Source Update,6DD4E10B-0E80-4228-AB13-79D05539FFFB,sep@nlnetlabs.nl,2024-10-21T12:15:04.327,Changed,Source,string,string,False,"Red Hat, Inc.",NLnet Labs
data\raw\nvd\history\20240828_20241225_0005000.json,CVE-2019-1069,CVE CISA KEV Update,F1FFF475-A695-4E2C-A662-267D65C8D077,9119a7d8-5eab-497f-8521-727c672e3725,2024-09-19T01:00:03.257,Changed,Date Added,string,string,False,2022-03-15,2024-09-18
data\raw\nvd\history\20240828_20241225_0005000.json,CVE-2019-1069,CVE CISA KEV Update,4C5BD64C-F059-4C85-814F-88F203CD4FA1,9119a7d8-5eab-497f-8521-727c672e3725,2024-09-20T01:00:01.483,Changed,Date Added,string,string,False,2024-09-18,2022-03-15
data\raw\nvd\history\20260420_20260817_0705000.json,CVE-2025-62593,CVE CISA KEV Update,8D833AAC-E9A7-424A-9FDB-3C11245F5104,9119a7d8-5eab-497f-8521-727c672e3725,2026-08-17T19:00:00.900,Changed,Date Added,string,string,False,2026-08-18,2026-08-17
data\raw\nvd\history\20260420_20260817_0035000.json,CVE-2025-14485,Data Remediation,C95FB0D9-FAAD-4FC4-BE97-4F3B0EE7002F,nvd@nist.gov,2026-04-29T01:00:01.613,Changed,CVSS V4.0 Score,string,string,False,2.3,1.3
data\raw\nvd\history\20260420_20260817_0035000.json,CVE-2023-7096,Data Remediation,88921FF6-C146-4F79-993F-D731EEEF3AB1,nvd@nist.gov,2026-04-29T01:00:01.613,Changed,CVSS V4.0 Score,string,string,False,5.1,2
data\raw\nvd\history\20260420_20260817_0035000.json,CVE-2025-13544,Data Remediation,2C8F2407-70D6-4305-8EFF-8F82BD851141,nvd@nist.gov,2026-04-29T01:00:01.613,Changed,CVSS V4.0 Score,string,string,False,5.3,2.1
data\raw\nvd\history\20260420_20260817_0035000.json,CVE-2025-14538,Data Remediation,F0FC0AE8-4D94-46FB-A54E-4486B993E65F,nvd@nist.gov,2026-04-29T01:00:01.613,Changed,CVSS V4.0 Score,string,string,False,5.1,2
data\raw\nvd\history\20260420_20260817_0035000.json,CVE-2025-14284,Data Remediation,4E5971EA-3CDA-4855-8032-9F9FC011BF8B,nvd@nist.gov,2026-04-29T01:00:01.613,Changed,CVSS V4.0 Score,string,string,False,5.1,2
data\raw\nvd\history\20260420_20260817_0620000.json,CVE-2024-22447,CVE Modified,EC1772B9-F05A-48E5-8F37-909973C2FF92,134c704f-9b21-4f2e-91b3-4a467353bcc0,2026-06-17T13:19:10.523,Changed,SSVC,dict,dict,False,"{""id"":""CVE-2024-22447"",""options"":[{""exploitation"":""none""},{""automatable"":""no""},{""technicalImpact"":""total""}],""role"":""CISA Coordinator"",""timestamp"":""2026-06-16T14:58:44.096268Z"",""version"":""2.0.3""}","{""id"":""CVE-2024-22447"",""options"":[{""exploitation"":""none""},{""automatable"":""no""},{""technicalImpact"":""total""}],""role"":""CISA Coordinator"",""timestamp"":""2026-06-16T00:00:00+00:00"",""version"":""2.0.3""}"
data\raw\nvd\history\20260420_20260817_0620000.json,CVE-2024-22451,CVE Modified,57AD5546-14E3-416A-91BC-CC1BB8C5B856,134c704f-9b21-4f2e-91b3-4a467353bcc0,2026-06-17T13:19:10.693,Changed,SSVC,dict,dict,False,"{""id"":""CVE-2024-22451"",""options"":[{""exploitation"":""none""},{""automatable"":""no""},{""technicalImpact"":""total""}],""role"":""CISA Coordinator"",""timestamp"":""2026-06-16T18:01:49.292846Z"",""version"":""2.0.3""}","{""id"":""CVE-2024-22451"",""options"":[{""exploitation"":""none""},{""automatable"":""no""},{""technicalImpact"":""total""}],""role"":""CISA Coordinator"",""timestamp"":""2026-06-16T00:00:00+00:00"",""version"":""2.0.3""}"
data\raw\nvd\history\20260420_20260817_0625000.json,CVE-2026-0137,CVE Modified,2E50A499-CA54-4086-A914-E4BFBBEC0C76,134c704f-9b21-4f2e-91b3-4a467353bcc0,2026-06-17T13:19:29.100,Changed,SSVC,dict,dict,False,"{""id"":""CVE-2026-0137"",""options"":[{""exploitation"":""none""},{""automatable"":""no""},{""technicalImpact"":""total""}],""role"":""CISA Coordinator"",""timestamp"":""2026-06-16T20:19:47.907458Z"",""version"":""2.0.3""}","{""id"":""CVE-2026-0137"",""options"":[{""exploitation"":""none""},{""automatable"":""no""},{""technicalImpact"":""total""}],""role"":""CISA Coordinator"",""timestamp"":""2026-06-16T00:00:00+00:00"",""version"":""2.0.3""}"
data\raw\nvd\history\20260420_20260817_0625000.json,CVE-2026-0138,CVE Modified,31D3A788-33E8-44CA-96CB-0C6651215E8C,134c704f-9b21-4f2e-91b3-4a467353bcc0,2026-06-17T13:19:29.283,Changed,SSVC,dict,dict,False,"{""id"":""CVE-2026-0138"",""options"":[{""exploitation"":""none""},{""automatable"":""no""},{""technicalImpact"":""total""}],""role"":""CISA Coordinator"",""timestamp"":""2026-06-16T20:21:06.901336Z"",""version"":""2.0.3""}","{""id"":""CVE-2026-0138"",""options"":[{""exploitation"":""none""},{""automatable"":""no""},{""technicalImpact"":""total""}],""role"":""CISA Coordinator"",""timestamp"":""2026-06-16T00:00:00+00:00"",""version"":""2.0.3""}"
data\raw\nvd\history\20260420_20260817_0625000.json,CVE-2026-0139,CVE Modified,B351155C-B21D-48D3-BF05-FEC1F6410D57,134c704f-9b21-4f2e-91b3-4a467353bcc0,2026-06-17T13:19:29.473,Changed,SSVC,dict,dict,False,"{""id"":""CVE-2026-0139"",""options"":[{""exploitation"":""none""},{""automatable"":""no""},{""technicalImpact"":""total""}],""role"":""CISA Coordinator"",""timestamp"":""2026-06-16T20:22:55.006482Z"",""version"":""2.0.3""}","{""id"":""CVE-2026-0139"",""options"":[{""exploitation"":""none""},{""automatable"":""no""},{""technicalImpact"":""total""}],""role"":""CISA Coordinator"",""timestamp"":""2026-06-16T00:00:00+00:00"",""version"":""2.0.3""}"
data\raw\nvd\history\20260420_20260817_0660000.json,CVE-2026-10291,CVE Translated,204E3941-C559-49BB-9B8F-CC9BAF7C5BC0,nvd@nist.gov,2026-07-22T18:10:00.117,Changed,Translation,string,string,True,"Title: claw-orchestrator de Enderfga, Description: Una vulnerabilidad de seguridad ha sido detectada en Enderfga claw-orchestrator hasta la versión 3.7.0. El elemento impactado es la función validateRegex del archivo claw-orchestrator/src/embedded-server.ts del componente Session Grep Endpoint. La manipulación del argumento body.pattern conduce a una complejidad de expresión regular ineficiente. El ataque puede ser iniciado remotamente. La actualización a la versión 3.7.1 es suficiente para reso...[TRUNCATED]","Title: claw-orchestrator de Enderfga, Description: Una vulnerabilidad de seguridad ha sido detectada en Enderfga claw-orchestrator hasta la versión 3.7.0. El elemento impactado es la función validateRegex del archivo claw-orchestrator/src/embedded-server.ts del componente Session Grep Endpoint. La manipulación del argumento body.pattern conduce a una complejidad de expresión regular ineficiente. El ataque puede ser iniciado remotamente. La actualización a la versión 3.7.1 es suficiente para reso...[TRUNCATED]"
data\raw\nvd\history\20260420_20260817_0660000.json,CVE-2025-59611,CVE Translated,00A4B32B-1B27-4D9C-B52B-438AFFBD380A,nvd@nist.gov,2026-07-22T18:10:00.117,Changed,Translation,string,string,True,"Title: Snapdragon de Qualcomm, Inc., Description: Corrupción de memoria en servicios de diagnóstico debido a la ausencia de validación de entrada","Title: Snapdragon de Qualcomm, Inc., Description: Corrupción de memoria en servicios de diagnóstico debido a la ausencia de validación de entrada"
data\raw\nvd\history\20260420_20260817_0660000.json,CVE-2025-59606,CVE Translated,ACBBFEA9-8993-4B8A-B5FE-8B5B0301C7F4,nvd@nist.gov,2026-07-22T18:10:00.117,Changed,Translation,string,string,True,"Title: Snapdragon de Qualcomm, Inc., Description: Corrupción de memoria al escribir en ubicaciones de memoria no válidas se produce debido al agotamiento de la memoria heap durante la inicialización segura de datos.","Title: Snapdragon de Qualcomm, Inc., Description: Corrupción de memoria al escribir en ubicaciones de memoria no válidas se produce debido al agotamiento de la memoria heap durante la inicialización segura de datos."
data\raw\nvd\history\20260420_20260817_0660000.json,CVE-2026-28581,CVE Translated,C2843395-9255-406D-9D75-0A5FD73D87BF,nvd@nist.gov,2026-07-22T18:10:00.117,Changed,Translation,string,string,True,"Title: Android de Google, Description: En fixInitiatingUserIfNecessary de CallIntentProcessor.java, existe una posible forma de realizar una llamada de emergencia debido a un error de lógica en el código. Esto podría llevar a local con privilegios de ejecución nulos necesarios. La interacción del usuario es nula para la explotación.","Title: Android de Google, Description: En fixInitiatingUserIfNecessary de CallIntentProcessor.java, existe una posible forma de realizar una llamada de emergencia debido a un error de lógica en el código. Esto podría llevar a local con privilegios de ejecución nulos necesarios. La interacción del usuario es nula para la explotación."
data\raw\nvd\history\20260420_20260817_0660000.json,CVE-2026-10295,CVE Translated,EB5A64C3-EC1E-449E-93B4-F80B95CC8948,nvd@nist.gov,2026-07-22T18:10:00.117,Changed,Translation,string,string,True,"Title: Customer Review App de SourceCodester, Description: Se encontró una vulnerabilidad en SourceCodester Customer Review App 1.0. Esta vulnerabilidad afecta a la función add_review/save_review/get_all_reviews del archivo review_app.py. La manipulación del argumento name/comment resulta en una denegación de servicio. El ataque requiere un enfoque local. El exploit se ha hecho público y podría ser utilizado.","Title: Customer Review App de SourceCodester, Description: Se encontró una vulnerabilidad en SourceCodester Customer Review App 1.0. Esta vulnerabilidad afecta a la función add_review/save_review/get_all_reviews del archivo review_app.py. La manipulación del argumento name/comment resulta en una denegación de servicio. El ataque requiere un enfoque local. El exploit se ha hecho público y podría ser utilizado."
data\raw\nvd\history\20240101_20240429_0000000.json,CVE-2023-5764,CVE Modified,362F271D-EE0E-4840-9C7A-991E2C5C8798,secalert@redhat.com,2024-01-01T21:15:24.487,Removed+Added,CVSS V3.1,list[1],list[1],False,"[""Red Hat, Inc. AV:L/AC:L/PR:L/UI:R/S:U/C:H/I:H/A:N""]","[""Red Hat, Inc. AV:L/AC:L/PR:L/UI:N/S:U/C:H/I:H/A:N""]"
data\raw\nvd\history\20240101_20240429_0000000.json,CVE-2023-6277,CVE Modified,6057D696-33BD-4B02-85B7-F2DA0EFAD390,secalert@redhat.com,2024-01-02T09:15:07.500,Removed+Added,CVSS V3.1,list[1],list[1],False,"[""Red Hat, Inc. AV:N/AC:L/PR:N/UI:N/S:U/C:N/I:N/A:H""]","[""Red Hat, Inc. AV:N/AC:L/PR:N/UI:R/S:U/C:N/I:N/A:H""]"
data\raw\nvd\history\20240101_20240429_0000000.json,CVE-2023-40338,Reanalysis,CB989AD7-890D-42BA-9D36-07781ACD5199,nvd@nist.gov,2024-01-02T19:53:57.600,Removed+Added,CVSS V3.1,list[1],list[1],False,"[""NIST AV:N/AC:L/PR:N/UI:N/S:U/C:H/I:N/A:N""]","[""NIST AV:N/AC:L/PR:L/UI:N/S:U/C:L/I:N/A:N""]"
data\raw\nvd\history\20240101_20240429_0000000.json,CVE-2023-3961,CVE Modified,FA6B601F-E1E9-4BE4-AAF1-A78924BC5B24,secalert@redhat.com,2024-01-02T21:15:08.913,Removed+Added,CVSS V3.1,list[1],list[1],False,"[""Red Hat, Inc. AV:N/AC:H/PR:N/UI:N/S:U/C:N/I:H/A:L""]","[""Red Hat, Inc. AV:N/AC:L/PR:N/UI:N/S:U/C:N/I:H/A:H""]"
data\raw\nvd\history\20240101_20240429_0000000.json,CVE-2023-4320,CVE Modified,01468419-4792-41D2-ADA1-0B9E65FE5832,secalert@redhat.com,2024-01-03T12:15:23.390,Removed+Added,CVSS V3.1,list[1],list[1],False,"[""Red Hat, Inc. AV:N/AC:L/PR:H/UI:N/S:U/C:L/I:H/A:L""]","[""Red Hat, Inc. AV:N/AC:L/PR:L/UI:N/S:U/C:L/I:H/A:L""]"
data\raw\nvd\history\20240101_20240429_0005000.json,CVE-2006-2428,Modified Analysis,931179C1-4B9E-497C-9F05-6AC261D6486B,nvd@nist.gov,2024-01-26T19:01:46.923,Removed+Added,CVSS V2,list[1],list[1],False,"[""NIST (AV:N/AC:L/Au:N/C:P/I:P/A:N)""]","[""NIST (AV:N/AC:L/Au:N/C:P/I:P/A:P)""]"
data\raw\nvd\history\20240101_20240429_0005000.json,CVE-2005-0254,Modified Analysis,E6576CB3-72A5-420A-BDC6-E43FEAE1D9F6,nvd@nist.gov,2024-01-26T19:07:21.227,Removed+Added,CVSS V2,list[1],list[1],False,"[""NIST (AV:N/AC:L/Au:N/C:N/I:P/A:N)""]","[""NIST (AV:N/AC:M/Au:N/C:N/I:P/A:N)""]"
data\raw\nvd\history\20240101_20240429_0005000.json,CVE-2004-2262,Modified Analysis,99E60603-9CE5-4CBC-9CD1-9E920B6F26F6,nvd@nist.gov,2024-01-26T19:10:59.207,Removed+Added,CVSS V2,list[1],list[1],False,"[""NIST (AV:N/AC:L/Au:N/C:N/I:P/A:N)""]","[""NIST (AV:N/AC:L/Au:N/C:P/I:P/A:P)""]"
data\raw\nvd\history\20240101_20240429_0005000.json,CVE-2005-0253,Modified Analysis,DDBB2A68-8B4A-41CC-8FCB-48F5D8627398,nvd@nist.gov,2024-01-26T19:16:36.767,Removed+Added,CVSS V2,list[1],list[1],False,"[""NIST (AV:N/AC:L/Au:N/C:N/I:N/A:P)""]","[""NIST (AV:N/AC:L/Au:S/C:N/I:N/A:P)""]"
data\raw\nvd\history\20240101_20240429_0005000.json,CVE-2024-0918,CVE Modified,FBF026F1-81BE-4242-A30A-5821DD32EB40,cna@vuldb.com,2024-01-28T09:15:07.550,Removed+Added,CVSS V2,list[1],list[1],False,"[""VulDB (AV:N/AC:L/Au:M/C:P/I:P/A:P)""]","[""VulDB (AV:N/AC:L/Au:M/C:C/I:C/A:C)""]"
data\raw\nvd\history\20240101_20240429_0005000.json,CVE-2023-6909,CVE Modified,19895A47-106D-4A4F-8D1F-0E0AF1D828FE,security@huntr.dev,2024-02-06T20:16:01.753,Removed+Added,CVSS V3,list[1],list[1],False,"[""huntr.dev AV:N/AC:L/PR:N/UI:N/S:C/C:H/I:L/A:N""]","[""huntr.dev AV:N/AC:L/PR:N/UI:N/S:U/C:H/I:N/A:N""]"
data\raw\nvd\history\20240101_20240429_0005000.json,CVE-2023-6975,CVE Modified,6F103A49-1960-4FC7-BB67-C2383FA5F69F,security@huntr.dev,2024-02-06T20:16:02.677,Removed+Added,CVSS V3,list[1],list[1],False,"[""huntr.dev AV:N/AC:L/PR:N/UI:N/S:C/C:H/I:H/A:H""]","[""huntr.dev AV:N/AC:L/PR:N/UI:N/S:U/C:H/I:H/A:H""]"
data\raw\nvd\history\20240101_20240429_0010000.json,CVE-2023-6831,CVE Modified,598A4D50-85BD-4A0F-AFDB-C40E33897D2A,security@huntr.dev,2024-02-13T22:15:45.633,Removed+Added,CVSS V3,list[1],list[1],False,"[""huntr.dev AV:N/AC:L/PR:N/UI:N/S:C/C:N/I:H/A:H""]","[""huntr.dev AV:N/AC:L/PR:L/UI:N/S:U/C:N/I:H/A:H""]"
data\raw\nvd\history\20240101_20240429_0015000.json,CVE-2024-1163,CVE Modified,AF05BBB2-E5E2-4528-9C3E-D5E80BF3F19D,security@huntr.dev,2024-02-29T15:15:07.473,Removed+Added,CVSS V3,list[1],list[1],False,"[""huntr.dev AV:L/AC:L/PR:N/UI:N/S:U/C:H/I:N/A:L""]","[""huntr.dev AV:L/AC:L/PR:N/UI:N/S:U/C:H/I:N/A:H""]"
data\raw\nvd\history\20240101_20240429_0020000.json,CVE-2024-0759,CVE Modified,4A9BED01-D38D-403C-8505-CD7F672EB426,security@huntr.dev,2024-03-07T20:15:50.480,Removed+Added,CVSS V3,list[1],list[1],False,"[""huntr.dev AV:N/AC:L/PR:L/UI:N/S:C/C:H/I:H/A:N""]","[""huntr.dev AV:N/AC:L/PR:L/UI:N/S:C/C:H/I:N/A:N""]"
data\raw\nvd\history\20240101_20240429_0010000.json,CVE-2004-1842,Modified Analysis,B85FEB13-984F-4C64-9351-4C788CFFD5E4,nvd@nist.gov,2024-02-08T20:46:14.247,Removed+Added,CVSS V2 Metadata,list[1],list[1],False,"[""Obtain Other Access (e.g. application account)""]","[""Victim must voluntarily interact with attack mechanism""]"
data\raw\nvd\history\20240430_20240827_0235000.json,CVE-2024-4966,CVE Modified,90F74638-C9CF-4B74-BE89-272FF82049AB,cna@vuldb.com,2024-05-16T16:15:11.130,Removed+Added,CVSS V4.0,list[1],list[1],False,"[""VulDB AV:N/AC:L/AT:N/PR:L/UI:N/VC:L/VI:L/VA:L/SC:N/SI:N/SA:N/E:X/CR:X/IR:X/AR:X/MAV:X/MAC:X/MAT:X/MPR:X/MUI:X/MVC:X/MVI:X/MVA:X/MSC:X/MSI:X/MSA:X/S:X/AU:X/R:X/V:X/RE:X/U:X""]","[""VulDB CVSS:4.0/AV:N/AC:L/AT:N/PR:N/UI:N/VC:L/VI:L/VA:L/SC:N/SI:N/SA:N/E:X/CR:X/IR:X/AR:X/MAV:X/MAC:X/MAT:X/MPR:X/MUI:X/MVC:X/MVI:X/MVA:X/MSC:X/MSI:X/MSA:X/S:X/AU:X/R:X/V:X/RE:X/U:X""]"
data\raw\nvd\history\20240430_20240827_0240000.json,CVE-2024-5116,CVE Modified,7F4C8050-BA9F-4FA5-B5EB-54A7AB6182D5,cna@vuldb.com,2024-05-20T05:15:09.807,Removed+Added,CVSS V4.0,list[1],list[1],False,"[""VulDB AV:N/AC:L/AT:N/PR:L/UI:N/VC:L/VI:L/VA:L/SC:N/SI:N/SA:N/E:X/CR:X/IR:X/AR:X/MAV:X/MAC:X/MAT:X/MPR:X/MUI:X/MVC:X/MVI:X/MVA:X/MSC:X/MSI:X/MSA:X/S:X/AU:X/R:X/V:X/RE:X/U:X""]","[""VulDB CVSS:4.0/AV:N/AC:L/AT:N/PR:N/UI:N/VC:L/VI:L/VA:L/SC:N/SI:N/SA:N/E:X/CR:X/IR:X/AR:X/MAV:X/MAC:X/MAT:X/MPR:X/MUI:X/MVC:X/MVI:X/MVA:X/MSC:X/MSI:X/MSA:X/S:X/AU:X/R:X/V:X/RE:X/U:X""]"
data\raw\nvd\history\20240430_20240827_0245000.json,CVE-2024-5035,CVE Modified,9BEF716B-5A08-4FBD-BEE7-11342F35DD6B,research@onekey.com,2024-05-29T05:16:08.793,Removed+Added,CVSS V4.0,list[1],list[1],False,"[""ONEKEY GmbH AV:N/AC:L/AT:N/PR:N/UI:N/VC:H/VI:H/VA:H/SC:H/SI:H/SA:H/E:X/CR:X/IR:X/AR:X/MAV:X/MAC:X/MAT:X/MPR:X/MUI:X/MVC:X/MVI:X/MVA:X/MSC:X/MSI:X/MSA:X/S:X/AU:X/R:X/V:X/RE:X/U:X""]","[""ONEKEY GmbH CVSS:4.0/AV:A/AC:L/AT:P/PR:N/UI:N/VC:H/VI:H/VA:H/SC:L/SI:N/SA:H/E:X/CR:X/IR:X/AR:X/MAV:X/MAC:X/MAT:X/MPR:X/MUI:X/MVC:X/MVI:X/MVA:X/MSC:X/MSI:X/MSA:X/S:X/AU:X/R:X/V:X/RE:X/U:X""]"
data\raw\nvd\history\20240430_20240827_0250000.json,CVE-2024-5176,CVE Modified,14EB14B5-2555-4C65-83D3-3CF1F5FFFAE4,productsecurity@baxter.com,2024-06-05T15:15:12.620,Removed+Added,CVSS V4.0,list[1],list[1],False,"[""Baxter AV:N/AC:L/AT:N/PR:N/UI:N/VC:H/VI:H/VA:L/SC:H/SI:H/SA:H/E:X/CR:X/IR:X/AR:X/MAV:X/MAC:X/MAT:X/MPR:X/MUI:X/MVC:X/MVI:X/MVA:X/MSC:X/MSI:X/MSA:X/S:X/AU:X/R:X/V:X/RE:X/U:X""]","[""Baxter CVSS:4.0/AV:N/AC:L/AT:N/PR:N/UI:P/VC:H/VI:H/VA:L/SC:H/SI:H/SA:L/E:X/CR:X/IR:X/AR:X/MAV:X/MAC:X/MAT:X/MPR:X/MUI:X/MVC:X/MVI:X/MVA:X/MSC:X/MSI:X/MSA:X/S:X/AU:X/R:X/V:X/RE:X/U:X""]"
data\raw\nvd\history\20240430_20240827_0250000.json,CVE-2024-5745,CVE Modified,48131B9F-B91B-44BC-A011-97D6B1A6FBA2,cna@vuldb.com,2024-06-08T04:15:10.027,Removed+Added,CVSS V4.0,list[1],list[1],False,"[""VulDB AV:N/AC:L/AT:N/PR:L/UI:N/VC:L/VI:L/VA:L/SC:N/SI:N/SA:N/E:X/CR:X/IR:X/AR:X/MAV:X/MAC:X/MAT:X/MPR:X/MUI:X/MVC:X/MVI:X/MVA:X/MSC:X/MSI:X/MSA:X/S:X/AU:X/R:X/V:X/RE:X/U:X""]","[""VulDB CVSS:4.0/AV:N/AC:L/AT:N/PR:N/UI:N/VC:L/VI:L/VA:L/SC:N/SI:N/SA:N/E:X/CR:X/IR:X/AR:X/MAV:X/MAC:X/MAT:X/MPR:X/MUI:X/MVC:X/MVI:X/MVA:X/MSC:X/MSI:X/MSA:X/S:X/AU:X/R:X/V:X/RE:X/U:X""]"
